account_id,snapshot_date,industry,country,referral_source,tenure_days,total_active_subs,total_mrr,total_seats,max_seats,monthly_ratio,has_manual_renew,active_trials,had_downgrade_30,had_upgrade_30,had_downgrade_31_90,had_upgrade_31_90,primary_plan,enterprise_ratio,pro_ratio,days_since_last_action,unique_features_last_30d,unique_features_31_to_90d,breadth_decay_ratio,active_days_last_30d,activity_drop_ratio,total_usage_count_30d,avg_duration_last_30d,had_error_last_30d,tickets_last_30d,tickets_31_to_90d,escalated_last_90d,had_urgent_ticket_last_90d,avg_resolution_last_90d,latest_csat_score,target
A-00bed1,2024-09-01,Cybersecurity,US,ads,292,10,33506,342,61,0.4,True,1,False,True,False,False,Enterprise,0.5,0.4,2,2,5,0.4,2,0.4,19,507.0,0,0,0,0,0,0.0,4.0,0
A-00cac8,2024-09-01,HealthTech,AU,organic,352,6,8818,91,39,0.5,True,1,False,False,False,False,Basic,0.333,0.167,22,1,5,0.2,1,0.2,12,6936.0,1,0,0,0,0,0.0,4.0,0
A-0158bb,2024-09-01,FinTech,DE,partner,102,3,836,69,35,0.667,True,1,False,False,False,False,Basic,0.0,0.0,18,2,1,2.0,2,1.0,19,2396.0,1,0,0,0,0,0.0,3.0,0
A-016043,2024-09-01,EdTech,CA,organic,32,1,114,6,6,0.0,True,0,False,False,False,False,Basic,0.0,0.0,36,0,6,0.0,0,0.0,0,0.0,0,0,0,0,0,0.0,4.0,0
A-019782,2024-09-01,DevTools,FR,event,501,8,8353,108,17,0.25,True,1,False,False,False,False,Basic,0.25,0.375,0,7,2,3.5,7,2.333,80,3882.143,1,0,0,0,0,0.0,0.0,0
A-029f69,2024-09-01,Cybersecurity,CA,event,178,5,7676,89,26,0.0,True,1,False,False,False,False,Enterprise,0.6,0.4,0,4,4,1.0,5,1.25,44,2151.6,1,0,0,0,0,0.0,3.0,0
A-02cd81,2024-09-01,HealthTech,IN,other,157,12,30800,528,44,0.333,True,2,False,False,False,False,Pro,0.167,0.5,0,6,6,1.0,4,0.667,46,2314.0,1,0,1,1,0,9.0,4.0,0
A-02fac6,2024-09-01,FinTech,US,event,514,6,15080,170,59,0.667,True,0,False,False,False,False,Pro,0.333,0.667,17,2,3,0.667,2,0.667,24,2916.0,1,0,0,0,0,0.0,3.0,0
A-034368,2024-09-01,EdTech,US,event,301,2,494,45,26,1.0,False,1,False,False,False,False,Basic,0.0,0.0,1,1,3,0.333,1,0.333,11,1012.0,0,0,0,0,0,0.0,3.0,0
A-038089,2024-09-01,DevTools,FR,other,257,2,2009,41,36,0.5,False,0,False,False,False,False,Pro,0.0,1.0,7,2,0,0.0,2,0.0,27,3430.5,0,0,0,0,0,0.0,3.0,0
A-0532a9,2024-09-01,FinTech,IN,event,0,0,0,0,0,0.0,0,0,0,0,0,0,0,0.0,0.0,2,3,7,0.429,3,0.429,23,1480.333,1,0,0,0,0,0.0,3.0,0
A-054577,2024-09-01,EdTech,UK,ads,126,9,8652,258,90,0.556,True,0,False,True,True,False,Pro,0.111,0.556,38,0,2,0.0,0,0.0,0,0.0,0,0,0,0,0,0.0,4.0,0
A-05d3b3,2024-09-01,DevTools,AU,ads,462,10,8658,196,55,0.4,True,2,False,False,False,False,Basic,0.2,0.3,5,2,8,0.25,3,0.375,24,3454.667,0,1,0,0,1,15.0,5.0,1
A-05f0e5,2024-09-01,FinTech,US,partner,486,10,45082,418,92,0.4,True,0,False,True,False,True,Enterprise,0.4,0.3,15,1,7,0.143,1,0.2,6,978.0,0,0,1,0,0,13.0,4.0,0
A-068fc6,2024-09-01,EdTech,US,event,412,7,19740,245,35,0.714,True,1,False,False,False,False,Pro,0.286,0.571,6,4,3,1.333,4,1.333,41,5342.0,1,0,0,0,0,0.0,4.0,0
A-075038,2024-09-01,HealthTech,UK,ads,478,13,18111,398,103,0.462,True,3,False,False,False,False,Pro,0.154,0.538,3,8,4,2.0,8,2.0,82,3691.5,1,0,0,0,0,0.0,3.0,1
A-089363,2024-09-01,FinTech,AU,event,484,10,7164,165,40,0.6,True,4,False,False,False,True,Pro,0.3,0.4,52,0,7,0.0,0,0.0,0,0.0,0,0,0,0,0,0.0,3.0,0
A-08e34e,2024-09-01,EdTech,US,event,66,5,8805,164,77,0.0,True,1,False,False,False,False,Basic,0.2,0.4,0,4,8,0.5,4,0.5,38,2019.5,1,0,1,0,0,68.0,3.0,1
A-09316c,2024-09-01,FinTech,AU,organic,0,0,0,0,0,0.0,0,0,0,0,0,0,0,0.0,0.0,14,2,4,0.5,2,0.5,20,2042.5,1,0,1,1,0,52.0,5.0,0
A-09540c,2024-09-01,Cybersecurity,CA,event,307,4,17152,268,67,0.75,True,0,False,False,False,False,Basic,0.25,0.0,2,1,3,0.333,1,0.333,6,2544.0,0,0,0,0,0,0.0,4.0,0
A-098560,2024-09-01,DevTools,UK,ads,316,7,4866,137,35,0.571,True,1,False,False,False,False,Pro,0.143,0.571,9,1,3,0.333,1,0.333,11,517.0,0,0,0,0,0,0.0,3.0,1
A-0a282f,2024-09-01,DevTools,US,organic,5,1,3781,19,19,0.0,False,0,False,False,False,False,Enterprise,1.0,0.0,10,2,9,0.222,2,0.2,25,4650.0,1,0,0,0,0,0.0,5.0,0
A-0a62f5,2024-09-01,FinTech,UK,partner,0,0,0,0,0,0.0,0,0,0,0,0,0,0,0.0,0.0,30,1,1,1.0,1,1.0,9,4167.0,0,0,0,0,0,0.0,4.0,1
A-0aaf6e,2024-09-01,FinTech,US,organic,113,4,2269,90,37,0.5,True,2,False,False,False,False,Basic,0.0,0.5,9,3,4,0.75,3,0.75,27,2594.0,0,0,1,0,0,54.0,3.0,0
A-0baac2,2024-09-01,FinTech,DE,organic,94,1,5771,29,29,0.0,False,0,False,False,False,False,Enterprise,1.0,0.0,15,1,2,0.5,1,0.5,12,564.0,0,0,3,0,0,52.0,5.0,1
A-0cc442,2024-09-01,EdTech,US,organic,45,3,17910,135,45,1.0,False,1,False,False,False,False,Enterprise,1.0,0.0,0,5,7,0.714,5,0.714,58,2912.167,1,0,0,0,0,0.0,3.0,1
A-0dbdc6,2024-09-01,Cybersecurity,DE,other,567,6,14030,200,50,0.5,False,1,False,False,False,False,Pro,0.167,0.5,5,3,5,0.6,4,1.0,38,3377.75,1,0,0,0,0,0.0,4.0,0
A-0e966d,2024-09-01,FinTech,IN,ads,68,2,4577,78,55,0.0,False,1,False,False,False,False,Enterprise,0.5,0.5,11,2,3,0.667,2,0.667,14,791.0,1,0,0,0,0,0.0,4.0,0
A-0f3e88,2024-09-01,HealthTech,US,other,406,7,4749,111,24,0.714,True,0,False,False,False,False,Basic,0.143,0.143,4,3,6,0.5,2,0.333,32,1694.0,1,0,1,0,0,65.0,5.0,0
A-104f1a,2024-09-01,Cybersecurity,US,other,15,0,0,0,0,0.0,0,0,0,0,0,0,0,0.0,0.0,7,3,1,3.0,3,3.0,26,3062.0,1,0,0,0,0,0.0,3.0,1
A-10b8da,2024-09-01,DevTools,US,partner,482,5,7121,82,23,0.4,True,1,False,False,False,False,Enterprise,0.6,0.2,78,0,2,0.0,0,0.0,0,0.0,0,0,0,0,0,0.0,4.0,0
A-10b8f2,2024-09-01,HealthTech,DE,organic,599,11,28367,584,103,0.273,True,3,False,True,False,False,Basic,0.182,0.182,10,3,5,0.6,3,0.6,30,3356.0,0,0,0,0,0,0.0,3.0,0
A-117171,2024-09-01,HealthTech,FR,organic,0,0,0,0,0,0.0,0,0,0,0,0,0,0,0.0,0.0,5,2,3,0.667,2,0.667,21,5972.5,1,1,0,0,0,22.0,3.0,0
A-13466a,2024-09-01,DevTools,AU,event,315,5,13172,133,65,0.6,True,1,False,False,False,False,Enterprise,0.6,0.0,66,0,2,0.0,0,0.0,0,0.0,0,0,0,0,0,0.0,5.0,0
A-151c9a,2024-09-01,FinTech,US,ads,583,5,14250,150,52,0.6,True,0,False,False,False,False,Pro,0.4,0.6,14,3,0,0.0,3,0.0,36,4396.0,0,0,0,0,0,0.0,3.0,0
A-157070,2024-09-01,FinTech,US,ads,297,10,17040,213,35,0.4,True,1,False,False,False,False,Pro,0.3,0.4,12,3,8,0.375,3,0.3,36,3167.667,0,0,0,0,0,0.0,4.0,0
A-158f4e,2024-09-01,FinTech,IN,other,548,9,27572,549,61,0.444,True,1,False,False,False,False,Pro,0.111,0.556,12,2,5,0.4,2,0.5,19,2406.0,0,1,0,0,0,67.0,4.0,0
A-1619f8,2024-09-01,DevTools,US,organic,104,3,11496,113,55,0.667,True,1,False,False,False,False,Basic,0.333,0.333,0,3,6,0.5,3,0.5,32,3366.333,0,0,0,0,0,0.0,5.0,1
A-180abf,2024-09-01,DevTools,US,event,384,5,29824,320,64,0.4,True,1,False,False,False,False,Basic,0.4,0.2,15,1,5,0.2,1,0.2,11,2046.0,0,0,1,0,0,10.0,3.0,1
A-186a44,2024-09-01,HealthTech,US,ads,391,7,7276,144,24,0.571,True,1,False,False,False,False,Basic,0.143,0.286,16,4,8,0.5,3,0.333,28,1254.5,1,0,2,0,0,35.0,3.0,0
A-1986ca,2024-09-01,HealthTech,IN,ads,580,4,14129,91,31,0.75,True,1,False,False,False,False,Enterprise,1.0,0.0,6,2,4,0.5,3,1.0,28,2872.0,1,1,1,0,1,48.0,3.0,0
A-19b2c8,2024-09-01,DevTools,IN,other,453,12,22723,267,33,0.5,True,1,False,True,False,False,Enterprise,0.417,0.25,0,3,5,0.6,3,0.6,30,3616.333,0,0,0,0,0,0.0,5.0,0
A-1b707d,2024-09-01,Cybersecurity,US,organic,415,5,8097,63,19,0.4,True,0,False,False,False,False,Enterprise,0.4,0.4,15,1,4,0.25,1,0.25,12,4860.0,0,0,0,0,0,0.0,4.0,0
A-1b9609,2024-09-01,EdTech,IN,ads,325,9,16487,173,49,0.556,True,0,False,False,False,False,Basic,0.333,0.333,10,2,11,0.182,2,0.25,9,1083.5,1,0,0,0,0,0.0,3.0,0
A-1d5444,2024-09-01,Cybersecurity,US,partner,227,11,29782,298,41,0.455,True,0,False,False,False,False,Basic,0.364,0.091,13,1,6,0.167,1,0.2,4,1516.0,0,0,0,0,0,0.0,4.0,0
A-1e1b80,2024-09-01,FinTech,CA,other,355,10,47697,503,53,0.5,True,1,False,False,False,False,Enterprise,0.5,0.2,31,0,9,0.0,0,0.0,0,0.0,0,1,0,0,0,69.0,3.0,0
A-1e50e0,2024-09-01,Cybersecurity,DE,other,558,4,9514,155,98,0.75,True,1,False,False,False,False,Enterprise,0.5,0.5,73,0,2,0.0,0,0.0,0,0.0,0,0,0,0,0,0.0,0.0,0
A-1e6fc3,2024-09-01,EdTech,FR,other,270,3,245,17,11,0.333,False,2,False,False,False,False,Basic,0.0,0.333,24,1,3,0.333,1,0.333,13,7410.0,0,0,0,0,0,0.0,3.0,0
A-1f0636,2024-09-01,EdTech,AU,partner,244,8,69825,840,105,0.25,True,3,False,False,False,True,Enterprise,0.375,0.375,14,1,5,0.2,1,0.167,5,895.0,0,1,0,0,0,17.0,3.0,0
A-1f0ac7,2024-09-01,HealthTech,UK,other,371,5,7491,153,47,0.6,True,1,False,False,False,True,Basic,0.2,0.4,1,1,6,0.167,1,0.167,6,1752.0,0,0,0,0,0,0.0,4.0,0
A-1f559b,2024-09-01,HealthTech,US,organic,363,9,11566,214,59,0.667,True,0,False,False,False,False,Basic,0.111,0.444,4,2,2,1.0,2,2.0,24,2816.0,1,0,0,0,0,0.0,4.0,1
A-1f7acb,2024-09-01,FinTech,UK,ads,392,7,34176,448,64,0.429,True,1,True,False,True,False,Basic,0.286,0.286,3,2,8,0.25,2,0.2,25,3808.0,1,0,1,0,0,70.0,5.0,0
A-202b67,2024-09-01,HealthTech,US,organic,163,7,11858,152,61,0.571,True,0,False,False,False,True,Pro,0.286,0.429,7,2,5,0.4,2,0.4,20,2984.0,1,0,2,0,1,52.0,5.0,1
A-20736a,2024-09-01,EdTech,IN,organic,169,2,4900,100,50,0.0,False,0,False,False,False,False,Pro,0.0,1.0,11,1,2,0.5,1,0.5,11,1793.0,1,0,1,0,0,47.0,5.0,0
A-22d9d2,2024-09-01,DevTools,FR,event,163,10,9094,176,58,0.5,True,1,False,False,False,False,Pro,0.1,0.7,9,3,6,0.5,3,0.429,29,3289.667,0,0,1,0,1,14.0,4.0,0
A-241e75,2024-09-01,EdTech,US,partner,60,2,2596,64,46,0.5,True,0,False,False,False,False,Basic,0.0,0.5,36,0,1,0.0,0,0.0,0,0.0,0,0,0,0,0,0.0,4.0,0
A-2446e3,2024-09-01,EdTech,IN,organic,235,3,8019,81,27,1.0,True,0,False,False,False,False,Pro,0.333,0.667,8,4,3,1.333,3,1.0,49,3370.75,1,0,0,0,0,0.0,5.0,0
A-249769,2024-09-01,Cybersecurity,US,event,129,7,13532,117,56,0.571,False,1,False,False,False,False,Basic,0.286,0.286,1,5,4,1.25,6,1.5,49,3001.5,1,0,1,0,0,16.0,3.0,0
A-271f46,2024-09-01,DevTools,US,event,570,6,9728,228,38,0.5,False,2,False,False,False,False,Basic,0.333,0.167,19,1,4,0.25,1,0.2,8,3000.0,0,0,0,0,0,0.0,4.0,0
A-2789e3,2024-09-01,FinTech,US,partner,0,0,0,0,0,0.0,0,0,0,0,0,0,0,0.0,0.0,3,3,3,1.0,3,1.0,32,1392.0,0,0,0,0,0,0.0,4.0,0
A-296d7c,2024-09-01,DevTools,DE,other,298,5,1297,67,24,0.4,True,1,False,False,False,False,Basic,0.0,0.2,56,0,3,0.0,0,0.0,0,0.0,0,0,2,0,1,50.0,3.0,0
A-297a2d,2024-09-01,HealthTech,UK,event,485,4,9000,117,36,0.25,True,1,False,True,False,False,Basic,0.25,0.25,82,0,1,0.0,0,0.0,0,0.0,0,0,0,0,0,0.0,3.0,0
A-2b9d3e,2024-09-01,EdTech,US,partner,455,6,2637,74,28,0.167,True,1,False,False,False,False,Basic,0.333,0.167,41,0,4,0.0,0,0.0,0,0.0,0,0,1,0,1,43.0,5.0,0
A-2bc93d,2024-09-01,HealthTech,US,event,537,9,27076,288,95,0.444,False,1,False,False,False,False,Enterprise,0.556,0.222,11,3,5,0.6,3,0.6,26,2620.0,0,0,0,0,0,0.0,4.0,0
A-2d1036,2024-09-01,FinTech,US,ads,79,5,35535,345,69,0.2,True,0,True,False,False,False,Enterprise,0.4,0.4,8,2,9,0.222,1,0.1,16,1176.0,1,0,1,0,0,50.0,5.0,0
A-2d4502,2024-09-01,FinTech,IN,event,125,4,11103,117,61,0.5,True,0,False,False,False,True,Enterprise,0.5,0.25,13,3,3,1.0,3,1.0,39,2695.0,0,0,0,0,0,0.0,5.0,0
A-2e3bad,2024-09-01,FinTech,CA,other,385,6,31415,366,61,0.5,True,1,False,False,False,False,Enterprise,0.5,0.333,14,2,2,1.0,2,1.0,14,2097.0,0,0,0,0,0,0.0,3.0,0
A-2ebb4b,2024-09-01,HealthTech,US,ads,475,9,28679,393,65,0.667,False,2,False,False,False,False,Basic,0.222,0.333,11,2,3,0.667,2,0.667,20,1304.0,0,0,0,0,0,0.0,3.0,0
A-2edab2,2024-09-01,HealthTech,US,event,289,7,6851,119,17,0.429,True,0,False,False,False,True,Basic,0.143,0.429,13,5,1,5.0,5,5.0,47,2473.2,0,0,1,0,0,12.0,3.0,0
A-2f6a32,2024-09-01,HealthTech,US,organic,6,0,0,0,0,0.0,0,0,0,0,0,0,0,0.0,0.0,13,4,4,1.0,4,1.0,34,3839.0,1,0,0,0,0,0.0,4.0,0
A-30b4ca,2024-09-01,EdTech,IN,organic,104,7,74304,602,86,0.714,True,1,False,False,False,False,Enterprise,0.571,0.286,29,1,4,0.25,1,0.333,7,693.0,0,0,0,0,0,0.0,4.0,1
A-313be3,2024-09-01,EdTech,US,partner,291,7,16703,338,56,0.286,True,3,False,True,False,False,Enterprise,0.571,0.429,23,2,3,0.667,2,0.667,30,5677.5,0,0,0,0,0,0.0,4.0,0
A-31ab9a,2024-09-01,FinTech,DE,organic,182,4,4459,110,73,0.5,False,1,False,False,False,False,Pro,0.25,0.5,12,2,4,0.5,2,0.5,19,3849.0,1,0,1,0,0,59.0,3.0,1
A-32728c,2024-09-01,DevTools,US,event,607,7,3700,140,20,0.429,False,2,False,False,False,False,Pro,0.286,0.429,0,2,4,0.5,2,0.5,24,5201.0,1,0,0,0,0,0.0,4.0,0
A-328bd0,2024-09-01,HealthTech,AU,partner,474,12,15097,281,39,0.583,True,1,False,False,False,False,Basic,0.167,0.333,5,4,5,0.8,4,0.8,42,2816.25,1,1,0,0,0,70.0,4.0,0
A-32fb14,2024-09-01,DevTools,US,event,544,7,4494,212,47,0.286,True,1,False,False,False,True,Basic,0.0,0.143,14,3,1,3.0,3,3.0,32,4146.667,0,0,2,0,1,41.5,5.0,0
A-331424,2024-09-01,DevTools,US,organic,300,5,6776,55,11,0.4,True,1,False,False,False,False,Enterprise,0.6,0.2,27,1,2,0.5,1,0.5,9,351.0,0,0,0,0,0,0.0,4.0,0
A-337bc1,2024-09-01,Cybersecurity,US,organic,410,4,15165,135,40,0.5,False,0,False,True,False,False,Enterprise,0.5,0.25,26,1,5,0.2,1,0.25,11,4301.0,1,0,0,0,0,0.0,5.0,0
A-342303,2024-09-01,EdTech,US,other,169,2,1695,45,28,0.5,False,0,False,False,False,False,Basic,0.0,0.5,4,2,0,0.0,2,0.0,18,1680.5,1,0,0,0,0,0.0,4.0,0
A-34d880,2024-09-01,Cybersecurity,AU,ads,143,7,19173,163,53,0.857,True,2,False,False,False,False,Enterprise,0.429,0.429,0,1,5,0.2,1,0.2,10,610.0,0,0,1,0,0,32.0,3.0,0
A-34ea2f,2024-09-01,HealthTech,US,organic,17,0,0,0,0,0.0,0,0,0,0,0,0,0,0.0,0.0,1,1,6,0.167,1,0.143,12,6804.0,0,0,1,0,1,70.0,4.0,0
A-35083d,2024-09-01,HealthTech,IN,partner,492,13,20526,320,48,0.538,True,3,False,False,False,True,Enterprise,0.385,0.308,0,6,1,6.0,6,6.0,72,2418.0,1,0,1,0,0,54.0,5.0,0
A-354f12,2024-09-01,FinTech,US,ads,126,2,6965,35,34,0.5,False,0,False,False,False,False,Enterprise,1.0,0.0,67,0,1,0.0,0,0.0,0,0.0,0,0,0,0,0,0.0,4.0,1
A-378b99,2024-09-01,EdTech,UK,ads,0,0,0,0,0,0.0,0,0,0,0,0,0,0,0.0,0.0,23,3,5,0.6,3,0.6,29,2058.0,1,1,1,0,0,27.5,3.0,0
A-3793ee,2024-09-01,Cybersecurity,CA,organic,530,6,16954,294,49,0.667,False,2,False,False,True,False,Enterprise,0.5,0.5,13,1,7,0.143,1,0.143,10,4630.0,0,0,2,0,0,57.0,4.0,0
A-37f969,2024-09-01,HealthTech,IN,partner,323,7,16989,231,51,0.714,True,0,False,False,False,False,Basic,0.286,0.286,24,2,2,1.0,2,1.0,23,5113.0,0,0,0,0,0,0.0,4.0,0
A-3932db,2024-09-01,HealthTech,CA,other,333,4,1577,141,58,1.0,False,1,False,False,False,False,Basic,0.0,0.25,1,1,5,0.2,1,0.2,8,3040.0,1,0,0,0,0,0.0,5.0,0
A-39868b,2024-09-01,FinTech,AU,partner,168,3,3753,27,9,0.0,True,0,False,False,False,False,Enterprise,0.667,0.0,7,1,2,0.5,1,0.5,13,4238.0,0,0,0,0,0,0.0,5.0,0
A-39b19f,2024-09-01,FinTech,US,partner,576,8,20990,260,55,0.75,True,0,False,False,False,False,Pro,0.25,0.75,3,2,7,0.286,2,0.333,20,1948.0,0,1,1,0,0,46.5,5.0,0
A-3a5ad8,2024-09-01,HealthTech,US,organic,271,8,11216,182,95,0.625,False,2,False,False,False,False,Basic,0.375,0.25,15,3,4,0.75,3,0.75,28,1702.0,1,0,0,0,0,0.0,4.0,0
A-3b37d9,2024-09-01,FinTech,US,event,583,6,14858,143,28,0.333,True,2,False,False,False,False,Enterprise,0.667,0.333,8,2,1,2.0,2,2.0,13,3049.5,1,0,0,0,0,0.0,4.0,0
A-3b5cd1,2024-09-01,FinTech,US,event,355,10,10542,206,55,0.7,True,2,False,False,False,True,Pro,0.3,0.5,9,1,1,1.0,1,1.0,12,5448.0,0,0,0,0,0,0.0,4.0,0
A-3be56b,2024-09-01,HealthTech,IN,event,311,11,16660,251,62,0.545,True,3,False,False,False,False,Enterprise,0.364,0.364,10,2,5,0.4,2,0.5,23,5227.0,1,0,0,0,0,0.0,4.0,0
A-3c1a3f,2024-09-01,DevTools,UK,event,372,8,9962,139,45,0.5,True,3,False,False,False,False,Basic,0.375,0.25,11,1,4,0.25,1,0.25,3,330.0,1,0,0,0,0,0.0,3.0,0
A-3cc791,2024-09-01,EdTech,US,other,235,7,6758,99,25,0.571,True,2,False,False,False,False,Basic,0.286,0.286,3,1,5,0.2,1,0.25,10,2190.0,0,0,2,1,0,35.5,5.0,0
A-3ce5b8,2024-09-01,FinTech,IN,ads,360,6,16498,292,189,0.333,False,0,False,False,False,False,Pro,0.333,0.5,2,2,3,0.667,2,0.5,17,2733.5,1,1,0,0,0,41.0,4.0,1
A-3d957b,2024-09-01,HealthTech,UK,other,150,5,9066,144,73,1.0,True,0,False,True,False,True,Enterprise,0.4,0.4,110,0,0,0.0,0,0.0,0,0.0,0,0,0,0,0,0.0,3.0,0
A-3f9cc0,2024-09-01,HealthTech,US,event,90,7,19940,162,30,0.571,True,1,False,False,True,True,Enterprise,0.571,0.0,28,1,3,0.333,1,0.25,5,1020.0,0,1,0,0,0,44.0,4.0,0
A-40906c,2024-09-01,EdTech,US,ads,158,5,24564,460,92,0.4,True,2,False,False,False,False,Basic,0.4,0.2,1,2,3,0.667,2,0.667,27,6981.5,0,0,1,0,0,5.0,5.0,0
A-40a557,2024-09-01,Cybersecurity,AU,partner,273,5,18572,128,55,0.6,False,0,False,False,False,False,Enterprise,0.6,0.2,12,3,3,1.0,3,1.0,35,1395.0,1,0,2,0,1,21.5,3.0,0
A-40de06,2024-09-01,Cybersecurity,US,event,482,12,21086,377,62,0.417,True,2,False,True,False,False,Pro,0.25,0.583,26,2,6,0.333,2,0.333,19,3039.5,0,0,0,0,0,0.0,4.0,0
A-417d2f,2024-09-01,Cybersecurity,IN,partner,425,8,18016,154,51,0.375,True,0,False,False,False,False,Basic,0.375,0.25,0,3,6,0.5,3,0.429,30,2029.333,0,0,0,0,0,0.0,5.0,0
A-425e76,2024-09-01,DevTools,UK,other,473,11,17111,269,71,0.727,True,0,False,False,False,False,Basic,0.273,0.273,9,2,3,0.667,2,0.667,19,3390.0,1,0,0,0,0,0.0,3.0,0
A-427b69,2024-09-01,FinTech,US,other,9,0,0,0,0,0.0,0,0,0,0,0,0,0,0.0,0.0,1,3,6,0.5,4,0.667,40,2184.0,1,0,0,0,0,0.0,3.0,0
A-42b791,2024-09-01,FinTech,AU,event,104,1,1421,29,29,1.0,False,0,False,False,False,False,Pro,0.0,1.0,40,0,5,0.0,0,0.0,0,0.0,0,0,0,0,0,0.0,3.0,0
A-42e5e1,2024-09-01,DevTools,US,ads,54,4,4048,75,53,0.5,False,1,False,True,True,False,Enterprise,0.5,0.25,6,3,3,1.0,3,0.75,24,1773.333,1,0,0,0,0,0.0,4.0,0
A-432483,2024-09-01,Cybersecurity,US,ads,573,7,23657,147,60,0.571,True,1,False,False,False,False,Enterprise,0.429,0.429,21,1,4,0.25,1,0.25,10,4460.0,0,0,0,0,0,0.0,0.0,0
A-439b2f,2024-09-01,DevTools,US,ads,193,5,522,40,22,0.4,True,1,False,False,False,False,Basic,0.2,0.2,30,1,3,0.333,1,0.333,11,4158.0,0,0,0,0,0,0.0,4.0,0
A-43a9e3,2024-09-01,FinTech,IN,other,381,8,10004,176,28,0.25,True,0,False,False,False,False,Basic,0.125,0.375,2,3,2,1.5,3,1.5,31,3148.333,1,0,1,0,0,35.0,3.0,0
A-4437e4,2024-09-01,Cybersecurity,US,event,351,13,15869,207,49,0.615,True,3,False,True,False,True,Enterprise,0.385,0.308,0,4,7,0.571,4,0.571,40,4277.5,1,0,1,0,0,37.0,3.0,0
A-443b7c,2024-09-01,Cybersecurity,US,other,0,0,0,0,0,0.0,0,0,0,0,0,0,0,0.0,0.0,6,7,2,3.5,5,2.5,85,2912.571,0,0,1,0,0,5.0,4.0,0
A-44dc83,2024-09-01,EdTech,FR,other,112,1,456,24,24,0.0,False,0,False,False,False,False,Basic,0.0,0.0,52,0,2,0.0,0,0.0,0,0.0,0,0,0,0,0,0.0,5.0,0
A-45ce7a,2024-09-01,FinTech,US,ads,406,5,4728,88,22,0.8,True,1,False,False,False,False,Basic,0.2,0.4,24,1,4,0.25,1,0.25,9,4716.0,0,0,0,0,0,0.0,4.0,0
A-462d45,2024-09-01,Cybersecurity,US,partner,230,9,18973,295,89,0.556,True,1,False,False,False,False,Pro,0.222,0.556,2,2,2,1.0,2,1.0,22,1586.0,1,0,0,0,0,0.0,4.0,0
A-474ad4,2024-09-01,EdTech,US,organic,278,10,5365,161,53,0.5,True,2,False,False,False,False,Pro,0.1,0.5,0,4,4,1.0,4,1.0,37,1601.75,1,0,0,0,0,0.0,5.0,0
A-4814a3,2024-09-01,Cybersecurity,IN,event,0,0,0,0,0,0.0,0,0,0,0,0,0,0,0.0,0.0,3,1,4,0.25,1,0.25,10,5530.0,0,0,0,0,0,0.0,4.0,0
A-484819,2024-09-01,HealthTech,US,organic,558,7,17022,138,26,0.143,True,0,False,False,False,False,Enterprise,0.571,0.0,19,1,3,0.333,1,0.333,8,1960.0,1,1,0,0,0,66.0,4.0,0
A-49b828,2024-09-01,FinTech,IN,ads,485,11,26391,225,49,0.545,True,1,False,False,False,False,Enterprise,0.455,0.364,12,1,7,0.143,1,0.167,13,702.0,0,0,0,0,0,0.0,4.0,0
A-4a267b,2024-09-01,FinTech,US,other,119,4,7471,104,29,0.25,False,1,False,False,False,False,Basic,0.25,0.25,16,2,3,0.667,2,0.667,17,3391.0,1,0,0,0,0,0.0,5.0,0
A-4a4c2d,2024-09-01,DevTools,US,event,488,10,29268,540,54,0.5,True,2,False,False,False,False,Basic,0.2,0.2,3,4,6,0.667,4,0.667,45,2147.5,0,0,0,0,0,0.0,4.0,0
A-4ae22a,2024-09-01,EdTech,US,other,115,3,7060,40,28,0.333,True,0,False,False,False,False,Enterprise,0.667,0.333,34,0,1,0.0,0,0.0,0,0.0,0,1,0,0,1,9.0,3.0,0
A-4c38bc,2024-09-01,HealthTech,UK,event,176,11,29520,396,36,0.545,True,1,False,True,False,False,Basic,0.273,0.273,3,4,9,0.444,4,0.5,36,2917.0,1,0,1,0,0,66.0,4.0,0
A-4c56c9,2024-09-01,FinTech,US,partner,256,6,13619,112,49,0.5,True,1,False,False,False,False,Basic,0.333,0.167,4,6,3,2.0,6,2.0,53,3672.333,1,1,0,0,0,9.0,4.0,0
A-4c6f11,2024-09-01,FinTech,CA,organic,279,5,7586,134,35,0.6,True,0,False,False,False,False,Basic,0.2,0.2,3,1,3,0.333,1,0.333,11,2431.0,0,0,0,0,0,0.0,5.0,0
A-4e0e85,2024-09-01,DevTools,US,organic,359,6,4544,180,104,0.667,True,2,False,False,False,False,Enterprise,0.5,0.5,56,0,3,0.0,0,0.0,0,0.0,0,0,0,0,0,0.0,4.0,0
A-4e44e8,2024-09-01,DevTools,US,ads,12,3,1311,69,38,0.333,True,0,False,True,False,False,Basic,0.0,0.0,2,4,6,0.667,5,0.833,56,2459.4,1,0,0,0,0,0.0,4.0,0
A-4e631b,2024-09-01,FinTech,US,other,169,4,13174,106,40,0.75,True,0,False,False,False,False,Basic,0.5,0.0,33,0,10,0.0,0,0.0,0,0.0,0,0,0,0,0,0.0,4.0,0
A-4e960a,2024-09-01,FinTech,US,other,228,9,22898,211,71,0.444,True,2,False,False,True,False,Basic,0.444,0.111,33,0,5,0.0,0,0.0,0,0.0,0,0,0,0,0,0.0,3.0,0
A-4ef964,2024-09-01,HealthTech,US,organic,178,5,8432,85,17,0.4,True,1,False,False,False,False,Pro,0.4,0.6,4,2,2,1.0,2,1.0,16,2555.0,1,0,0,0,0,0.0,3.0,0
A-4f18f0,2024-09-01,DevTools,CA,other,133,8,13291,194,25,0.625,True,1,False,False,True,False,Basic,0.375,0.25,4,2,2,1.0,2,1.0,20,4285.0,0,1,1,0,1,52.5,4.0,0
A-503d5a,2024-09-01,FinTech,US,other,316,9,5754,177,50,0.778,True,3,False,False,False,False,Basic,0.333,0.222,23,1,3,0.333,1,0.333,11,2299.0,0,0,0,0,0,0.0,3.0,0
A-508199,2024-09-01,FinTech,AU,event,217,4,8436,84,27,0.25,True,0,False,False,False,False,Basic,0.5,0.0,3,1,2,0.5,2,1.0,26,3747.0,0,1,0,0,0,48.0,3.0,0
A-50bb9f,2024-09-01,Cybersecurity,US,organic,51,3,7403,47,35,1.0,False,0,False,True,False,False,Basic,0.333,0.333,24,1,2,0.5,1,0.5,10,260.0,0,2,0,0,1,51.5,3.0,1
A-50f3f7,2024-09-01,HealthTech,US,partner,254,10,17178,344,51,0.3,True,2,False,False,True,False,Pro,0.1,0.6,14,1,5,0.2,1,0.2,7,3801.0,1,1,0,0,0,26.0,5.0,0
A-51ec1b,2024-09-01,DevTools,US,ads,298,3,5184,36,18,0.667,True,0,False,False,False,False,Enterprise,0.667,0.0,2,1,2,0.5,1,0.5,12,6024.0,0,0,0,0,0,0.0,5.0,0
A-5247b3,2024-09-01,FinTech,UK,partner,173,7,8475,137,33,0.571,True,2,False,False,False,True,Basic,0.286,0.286,9,4,4,1.0,4,1.0,49,2321.75,1,0,1,0,1,57.0,4.0,0
A-526d93,2024-09-01,HealthTech,FR,organic,140,6,21270,266,49,0.5,True,2,False,False,False,False,Enterprise,0.5,0.333,21,4,4,1.0,4,1.0,43,2752.25,1,0,0,0,0,0.0,4.0,1
A-52dd88,2024-09-01,Cybersecurity,US,ads,558,8,10013,190,26,0.5,True,1,False,False,False,False,Basic,0.125,0.375,1,3,5,0.6,2,0.286,24,1778.667,0,0,0,0,0,0.0,4.0,0
A-53f4e3,2024-09-01,Cybersecurity,UK,event,79,1,931,19,19,1.0,True,0,False,False,False,False,Pro,0.0,1.0,7,2,4,0.5,2,0.667,19,3113.5,1,0,0,0,0,0.0,3.0,0
A-544d0a,2024-09-01,DevTools,US,organic,122,4,3605,65,43,0.75,True,0,False,False,True,False,Pro,0.25,0.5,20,1,3,0.333,1,0.333,7,742.0,0,0,0,0,0,0.0,3.0,0
A-54d94a,2024-09-01,Cybersecurity,IN,event,489,7,8075,267,55,0.571,True,1,False,False,False,False,Pro,0.143,0.571,4,3,7,0.429,2,0.333,32,1489.333,0,0,2,0,0,63.0,3.0,0
A-54ecc2,2024-09-01,Cybersecurity,US,partner,448,7,9144,100,34,0.571,True,1,False,False,False,False,Enterprise,0.429,0.286,6,2,7,0.286,2,0.286,22,868.0,0,0,0,0,0,0.0,5.0,1
A-558c72,2024-09-01,FinTech,US,organic,458,6,8436,144,77,0.833,True,0,False,False,False,False,Basic,0.333,0.333,6,2,1,2.0,2,2.0,22,2089.0,0,1,0,0,0,60.0,4.0,0
A-55f257,2024-09-01,FinTech,US,organic,255,10,12137,188,38,0.4,True,3,False,False,False,True,Pro,0.3,0.5,1,1,5,0.2,1,0.25,10,2670.0,0,0,2,0,1,59.0,5.0,0
A-560d27,2024-09-01,DevTools,US,organic,119,4,31176,174,71,0.75,True,0,False,False,False,False,Enterprise,0.75,0.25,3,2,5,0.4,2,0.4,15,3830.5,1,0,0,0,0,0.0,3.0,0
A-56962b,2024-09-01,EdTech,UK,partner,145,2,3097,326,163,1.0,True,1,False,False,False,False,Basic,0.0,0.5,3,1,2,0.5,1,0.5,7,3906.0,1,0,0,0,0,0.0,3.0,0
A-58b9ff,2024-09-01,DevTools,IN,partner,93,6,1084,44,25,0.5,True,2,False,False,False,False,Pro,0.333,0.667,3,4,5,0.8,4,0.8,37,3835.75,1,0,0,0,0,0.0,4.0,0
A-592832,2024-09-01,Cybersecurity,US,organic,0,0,0,0,0,0.0,0,0,0,0,0,0,0,0.0,0.0,1,2,8,0.25,2,0.286,20,1850.0,1,0,0,0,0,0.0,5.0,0
A-59f724,2024-09-01,HealthTech,US,other,303,11,9431,232,77,0.545,True,3,False,False,False,True,Pro,0.182,0.455,0,5,6,0.833,4,0.667,55,2630.0,1,0,1,0,1,19.0,4.0,0
A-5a184f,2024-09-01,DevTools,DE,other,440,8,19980,229,74,0.5,False,1,False,False,False,False,Basic,0.375,0.25,11,3,6,0.5,3,0.5,33,824.333,1,0,0,0,0,0.0,4.0,1
A-5a215a,2024-09-01,EdTech,FR,other,240,11,66381,957,87,0.455,True,4,False,False,False,True,Pro,0.364,0.545,1,4,8,0.5,4,0.571,43,5151.75,1,0,1,0,0,18.0,3.0,0
A-5a3eb9,2024-09-01,DevTools,CA,other,378,10,15430,340,69,0.1,True,0,True,False,False,False,Pro,0.1,0.5,7,3,8,0.375,3,0.333,31,4584.0,0,0,0,0,0,0.0,4.0,0
A-5a92e7,2024-09-01,HealthTech,US,ads,82,8,6931,144,43,0.375,True,1,False,False,False,False,Pro,0.125,0.625,2,3,10,0.3,3,0.273,28,2853.0,1,1,0,0,0,69.0,5.0,0
A-5b051a,2024-09-01,Cybersecurity,US,event,27,0,0,0,0,0.0,0,0,0,0,0,0,0,0.0,0.0,7,1,1,1.0,1,1.0,10,1680.0,1,0,0,0,0,0.0,3.0,0
A-5b1bcd,2024-09-01,DevTools,US,organic,351,11,97090,803,73,0.364,True,1,False,False,False,False,Enterprise,0.545,0.273,4,4,7,0.571,4,0.571,27,2129.0,1,0,0,0,0,0.0,4.0,0
A-5b4ebb,2024-09-01,Cybersecurity,UK,other,53,3,1938,102,52,0.667,False,0,False,False,False,False,Basic,0.0,0.0,0,5,4,1.25,6,1.5,50,1976.5,0,0,0,0,0,0.0,5.0,0
A-5c046d,2024-09-01,EdTech,FR,partner,57,2,6324,186,93,0.0,False,0,False,False,False,False,Basic,0.0,0.5,6,1,5,0.2,1,0.25,8,1944.0,1,0,0,0,0,0.0,3.0,0
A-5ed98d,2024-09-01,DevTools,US,partner,71,3,10728,72,24,0.0,False,0,False,False,False,False,Enterprise,0.667,0.333,40,0,3,0.0,0,0.0,0,0.0,0,0,0,0,0,0.0,5.0,1
A-5f7781,2024-09-01,DevTools,US,other,12,1,0,85,85,1.0,True,1,False,False,False,False,Pro,0.0,1.0,2,3,0,0.0,3,0.0,35,2512.0,1,1,0,0,0,51.0,4.0,0
A-600734,2024-09-01,DevTools,US,organic,292,10,14396,313,42,0.4,True,1,False,False,False,True,Basic,0.2,0.4,14,1,8,0.125,1,0.111,8,112.0,0,0,0,0,0,0.0,4.0,0
A-625d0b,2024-09-01,EdTech,AU,ads,0,0,0,0,0,0.0,0,0,0,0,0,0,0,0.0,0.0,5,2,6,0.333,2,0.333,14,2406.5,1,0,0,0,0,0.0,3.0,0
A-659280,2024-09-01,FinTech,IN,event,289,9,21127,193,47,0.556,True,0,False,False,False,False,Enterprise,0.444,0.222,0,3,2,1.5,3,1.5,32,3892.0,1,1,1,0,0,14.0,5.0,0
A-65a46c,2024-09-01,HealthTech,US,event,302,6,20960,200,78,0.833,True,0,False,True,False,False,Basic,0.333,0.333,32,0,3,0.0,0,0.0,0,0.0,0,0,1,0,1,3.0,3.0,0
A-65aeb5,2024-09-01,DevTools,US,partner,220,9,22636,163,63,0.667,True,1,False,False,False,False,Enterprise,0.667,0.111,30,1,6,0.167,1,0.167,3,687.0,0,0,0,0,0,0.0,5.0,0
A-65c341,2024-09-01,FinTech,US,ads,250,3,23718,132,84,0.333,False,0,False,False,False,False,Enterprise,0.667,0.333,8,2,2,1.0,2,1.0,18,2511.0,0,0,0,0,0,0.0,4.0,0
A-67be94,2024-09-01,EdTech,US,organic,516,6,20656,244,62,0.667,True,0,False,False,False,False,Basic,0.333,0.0,12,4,2,2.0,4,2.0,38,2085.25,1,0,0,0,0,0.0,5.0,0
A-684255,2024-09-01,FinTech,US,ads,140,10,8933,151,32,0.3,True,1,False,True,False,True,Pro,0.3,0.5,3,3,3,1.0,3,1.0,26,1966.333,1,1,1,1,0,23.0,5.0,0
A-68f37c,2024-09-01,HealthTech,US,ads,414,11,31474,379,121,0.636,True,2,False,False,False,False,Basic,0.273,0.273,13,1,9,0.111,1,0.111,8,4664.0,1,0,0,0,0,0.0,4.0,0
A-692f18,2024-09-01,EdTech,US,other,157,12,22798,207,50,0.5,True,1,True,False,False,True,Pro,0.333,0.5,3,4,5,0.8,4,0.8,31,2915.0,1,0,1,0,0,55.0,5.0,0
A-69b156,2024-09-01,EdTech,US,other,285,4,9895,55,28,0.5,True,0,False,False,False,False,Enterprise,0.75,0.25,1,3,3,1.0,3,1.0,32,3259.667,1,2,2,0,0,35.75,4.0,0
A-69fad4,2024-09-01,FinTech,UK,ads,514,7,8721,112,35,0.571,True,1,False,False,False,False,Basic,0.429,0.143,3,1,3,0.333,1,0.333,11,99.0,0,0,1,0,0,46.0,3.0,0
A-6a4e2d,2024-09-01,EdTech,UK,partner,513,9,9214,222,56,0.444,True,1,False,False,False,False,Basic,0.222,0.222,2,1,6,0.167,1,0.143,13,6643.0,1,0,0,0,0,0.0,4.0,0
A-6c093d,2024-09-01,DevTools,US,partner,506,9,15728,214,62,0.444,True,1,False,False,False,False,Basic,0.222,0.222,12,3,1,3.0,3,3.0,21,2353.333,1,0,1,0,0,27.0,5.0,0
A-6da850,2024-09-01,FinTech,IN,organic,330,11,11559,187,37,0.636,True,3,False,True,False,False,Basic,0.273,0.273,5,3,5,0.6,3,0.6,27,1780.667,0,0,0,0,0,0.0,4.0,1
A-6dee43,2024-09-01,FinTech,UK,other,386,10,22770,264,80,0.3,True,1,False,False,False,False,Basic,0.3,0.3,4,4,2,2.0,4,2.0,37,1753.5,1,0,1,0,1,69.0,5.0,0
A-6e08f3,2024-09-01,Cybersecurity,US,event,552,8,12371,131,24,0.75,True,2,False,False,True,False,Enterprise,0.5,0.375,21,2,0,0.0,2,0.0,17,1527.5,1,1,0,0,0,47.0,4.0,0
A-6e7827,2024-09-01,DevTools,US,other,525,7,5061,69,35,0.714,True,0,False,False,False,False,Pro,0.286,0.571,0,3,5,0.6,4,0.8,39,2860.25,1,0,0,0,0,0.0,0.0,0
A-6f50ae,2024-09-01,FinTech,US,partner,346,11,18115,243,50,0.364,True,2,False,False,False,False,Basic,0.273,0.364,10,4,5,0.8,4,1.0,42,3274.75,1,1,0,0,0,45.0,5.0,0
A-6f8ad2,2024-09-01,EdTech,IN,organic,54,6,17744,145,35,0.5,True,1,False,True,False,False,Enterprise,0.5,0.167,8,4,8,0.5,4,0.5,48,3209.25,1,0,0,0,0,0.0,4.0,0
A-702032,2024-09-01,HealthTech,US,ads,334,2,5572,56,28,0.5,True,1,False,False,False,False,Basic,0.5,0.0,12,1,1,1.0,1,1.0,12,5496.0,0,0,2,0,0,8.0,3.0,0
A-712533,2024-09-01,EdTech,US,organic,398,7,9268,175,45,0.429,False,2,False,False,False,False,Basic,0.429,0.143,32,0,4,0.0,0,0.0,0,0.0,0,1,0,0,0,67.0,3.0,0
A-712f1c,2024-09-01,DevTools,US,ads,260,9,33970,308,75,0.556,True,1,False,False,False,False,Enterprise,0.444,0.333,2,4,3,1.333,4,1.333,37,2139.5,1,1,0,0,1,51.0,4.0,0
A-71615e,2024-09-01,EdTech,US,organic,106,6,19699,166,55,0.5,True,1,False,True,False,False,Enterprise,0.667,0.167,1,5,5,1.0,4,0.8,54,2145.6,1,0,0,0,0,0.0,4.0,0
A-716841,2024-09-01,FinTech,US,other,118,3,5264,251,161,0.333,False,1,False,False,False,False,Basic,0.333,0.333,22,1,6,0.167,1,0.2,15,4080.0,0,0,0,0,0,0.0,4.0,0
A-726cfa,2024-09-01,DevTools,US,partner,428,15,20785,306,42,0.467,True,1,False,False,False,False,Pro,0.267,0.467,10,4,5,0.8,4,1.0,46,3327.5,0,1,0,0,0,9.0,4.0,0
A-72799b,2024-09-01,DevTools,FR,event,293,8,14326,174,34,0.625,True,1,False,False,False,False,Enterprise,0.5,0.125,35,0,7,0.0,0,0.0,0,0.0,0,0,0,0,0,0.0,4.0,0
A-751c58,2024-09-01,FinTech,UK,organic,45,4,5337,78,33,0.25,True,1,False,True,False,False,Enterprise,0.5,0.5,7,1,9,0.111,1,0.125,10,4530.0,1,1,0,0,0,8.0,4.0,1
A-756192,2024-09-01,FinTech,IN,other,448,6,18740,189,68,0.667,True,1,False,False,False,False,Enterprise,0.5,0.333,12,3,5,0.6,3,0.6,42,5315.333,1,0,1,0,0,36.0,3.0,0
A-7641d3,2024-09-01,EdTech,US,partner,563,9,11086,211,76,0.889,True,2,True,False,False,False,Pro,0.333,0.556,1,3,5,0.6,3,0.6,24,2086.667,0,0,0,0,0,0.0,5.0,0
A-779e4e,2024-09-01,HealthTech,US,organic,608,8,25858,172,58,0.375,True,0,False,False,False,False,Enterprise,0.5,0.375,0,1,4,0.25,1,0.333,10,1770.0,0,0,0,0,0,0.0,5.0,0
A-781cc0,2024-09-01,EdTech,US,organic,0,0,0,0,0,0.0,0,0,0,0,0,0,0,0.0,0.0,0,7,10,0.7,7,0.7,74,3134.143,0,1,1,0,0,47.5,5.0,0
A-7920cc,2024-09-01,Cybersecurity,FR,ads,283,12,33795,494,54,0.5,False,2,False,False,False,False,Basic,0.25,0.25,23,1,4,0.25,1,0.25,9,4698.0,0,0,0,0,0,0.0,3.0,0
A-794a0b,2024-09-01,HealthTech,DE,organic,457,7,10575,181,35,0.571,True,2,False,False,False,False,Pro,0.143,0.714,9,3,2,1.5,3,1.5,22,2220.0,1,0,0,0,0,0.0,0.0,1
A-7988d1,2024-09-01,Cybersecurity,US,other,256,7,10065,290,92,0.429,True,2,False,False,False,False,Basic,0.286,0.143,7,4,3,1.333,4,1.333,51,3272.25,1,0,0,0,0,0.0,5.0,0
A-798a3f,2024-09-01,DevTools,FR,other,318,7,11565,147,42,0.286,True,1,False,False,False,False,Enterprise,0.571,0.0,90,0,1,0.0,0,0.0,0,0.0,0,0,0,0,0,0.0,5.0,0
A-7a0d69,2024-09-01,DevTools,DE,ads,78,3,735,59,40,0.667,True,2,False,False,False,False,Pro,0.0,0.667,5,6,3,2.0,6,2.0,64,2655.0,1,0,1,0,1,36.0,5.0,0
A-7c4956,2024-09-01,DevTools,US,ads,484,7,2896,94,51,0.571,True,2,False,False,False,False,Basic,0.286,0.143,4,3,3,1.0,2,0.667,24,3330.0,0,0,1,0,0,11.0,4.0,0
A-7c5768,2024-09-01,HealthTech,UK,event,183,3,1204,16,8,0.667,True,0,False,False,False,False,Basic,0.333,0.0,2,1,4,0.25,1,0.25,9,3780.0,0,0,0,0,0,0.0,5.0,0
A-7c83a1,2024-09-01,Cybersecurity,US,partner,118,6,14511,129,48,0.667,True,0,False,False,False,False,Enterprise,0.5,0.333,11,2,6,0.333,2,0.25,24,5271.5,0,0,0,0,0,0.0,5.0,0
A-7cfe77,2024-09-01,DevTools,US,ads,53,3,8073,207,69,0.667,False,0,False,True,True,False,Pro,0.0,0.667,152,0,0,0.0,0,0.0,0,0.0,0,0,0,0,0,0.0,3.0,1
A-7d514c,2024-09-01,HealthTech,DE,organic,211,5,16479,128,43,1.0,False,1,False,False,False,False,Enterprise,0.6,0.2,6,1,4,0.25,1,0.25,11,6303.0,1,0,0,0,0,0.0,5.0,0
A-7da956,2024-09-01,Cybersecurity,US,event,91,5,1131,78,26,0.6,True,2,False,False,False,True,Basic,0.2,0.2,4,4,4,1.0,4,1.0,31,2846.5,1,0,1,0,1,21.0,5.0,0
A-7dacce,2024-09-01,Cybersecurity,CA,event,0,0,0,0,0,0.0,0,0,0,0,0,0,0,0.0,0.0,11,1,4,0.25,1,0.25,14,2758.0,0,0,0,0,0,0.0,4.0,1
A-7df7a7,2024-09-01,DevTools,US,organic,582,12,21062,242,85,0.667,True,2,False,False,False,False,Enterprise,0.5,0.333,4,5,8,0.625,5,0.625,40,2995.4,1,0,0,0,0,0.0,3.0,0
A-7e0a10,2024-09-01,FinTech,US,ads,288,9,27186,414,46,0.667,True,0,False,False,False,False,Basic,0.222,0.222,15,1,4,0.25,1,0.25,9,1422.0,1,1,0,0,0,33.0,3.0,1
A-7f29a7,2024-09-01,Cybersecurity,UK,event,0,0,0,0,0,0.0,0,0,0,0,0,0,0,0.0,0.0,8,3,5,0.6,3,0.5,30,3004.333,0,0,1,0,1,24.0,4.0,0
A-7f4db3,2024-09-01,FinTech,US,other,546,10,17918,221,79,0.4,True,1,False,False,False,False,Pro,0.3,0.6,3,3,5,0.6,2,0.4,29,2066.667,0,1,1,1,0,20.5,3.0,0
A-7f6b86,2024-09-01,HealthTech,US,partner,374,6,6806,284,59,0.333,True,2,False,False,False,False,Pro,0.0,0.667,8,3,4,0.75,4,1.0,39,3193.5,1,0,1,0,0,2.0,3.0,0
A-7f8241,2024-09-01,EdTech,US,organic,537,13,32104,470,60,0.462,True,1,False,False,False,False,Pro,0.308,0.385,4,5,4,1.25,5,1.25,52,1803.4,1,0,0,0,0,0.0,3.0,0
A-80eeb6,2024-09-01,Cybersecurity,UK,organic,481,10,60877,403,89,0.8,False,0,False,False,False,False,Enterprise,0.6,0.1,40,0,5,0.0,0,0.0,0,0.0,0,0,0,0,0,0.0,3.0,0
A-812c5b,2024-09-01,DevTools,CA,organic,189,6,10110,405,130,1.0,False,3,False,False,False,False,Pro,0.167,0.5,20,3,5,0.6,3,0.5,36,4400.0,1,1,0,0,1,14.0,4.0,0
A-8145a0,2024-09-01,Cybersecurity,AU,partner,495,10,16747,170,44,0.5,True,1,False,True,False,False,Enterprise,0.7,0.0,2,3,10,0.3,2,0.2,35,2848.333,0,0,0,0,0,0.0,3.0,0
A-81edc3,2024-09-01,Cybersecurity,IN,ads,307,8,6170,117,41,0.875,True,1,False,False,False,True,Pro,0.375,0.5,13,2,4,0.5,2,0.4,35,4959.5,0,0,0,0,0,0.0,5.0,1
A-82861f,2024-09-01,DevTools,UK,organic,129,7,25306,304,53,0.714,True,0,False,False,False,False,Basic,0.286,0.286,0,3,4,0.75,3,0.75,28,3246.333,1,0,0,0,0,0.0,4.0,0
A-832ec2,2024-09-01,FinTech,UK,event,287,6,4921,104,31,0.667,True,1,False,False,False,True,Basic,0.167,0.0,6,3,3,1.0,3,1.0,26,2019.667,1,0,1,0,0,54.0,4.0,1
A-84ebe4,2024-09-01,FinTech,US,ads,539,10,20830,290,82,0.3,True,2,False,False,False,False,Enterprise,0.5,0.3,10,1,6,0.167,1,0.167,11,5962.0,1,0,0,0,0,0.0,4.0,0
A-855a48,2024-09-01,EdTech,US,partner,254,8,30376,214,60,0.375,True,0,False,False,False,False,Enterprise,0.5,0.125,1,1,4,0.25,1,0.25,9,5022.0,0,0,2,0,1,51.5,3.0,0
A-856b1e,2024-09-01,FinTech,US,partner,306,5,6321,129,36,1.0,True,0,False,False,False,False,Pro,0.0,1.0,2,2,2,1.0,2,1.0,16,4010.5,1,0,0,0,0,0.0,4.0,0
A-86902e,2024-09-01,HealthTech,IN,other,488,8,28629,299,61,0.625,True,2,False,False,False,False,Basic,0.375,0.25,23,1,6,0.167,1,0.167,10,5550.0,0,0,1,0,1,6.0,5.0,0
A-86cdb4,2024-09-01,DevTools,DE,partner,0,0,0,0,0,0.0,0,0,0,0,0,0,0,0.0,0.0,12,1,4,0.25,1,0.25,7,2898.0,0,0,0,0,0,0.0,5.0,0
A-86fc1d,2024-09-01,DevTools,UK,partner,37,2,8316,84,56,0.5,False,0,False,True,False,False,Enterprise,0.5,0.5,20,1,3,0.333,1,0.333,8,2720.0,1,1,0,0,1,26.0,5.0,0
A-87aa7b,2024-09-01,HealthTech,US,organic,108,10,8742,302,56,0.6,True,2,False,True,True,True,Pro,0.1,0.7,29,1,8,0.125,1,0.111,17,5117.0,0,0,0,0,0,0.0,4.0,0
A-883b7d,2024-09-01,Cybersecurity,IN,other,157,12,30524,428,78,0.333,True,2,False,False,False,False,Enterprise,0.417,0.417,3,2,5,0.4,2,0.4,19,4434.5,1,0,0,0,0,0.0,3.0,0
A-8adedc,2024-09-01,EdTech,US,event,203,13,24996,306,79,0.385,True,3,False,False,False,False,Enterprise,0.538,0.077,2,3,3,1.0,3,1.0,30,2646.333,1,1,0,0,0,18.0,4.0,0
A-8ae05d,2024-09-01,FinTech,IN,other,148,4,4902,344,86,0.5,True,1,False,False,False,False,Basic,0.0,0.0,11,1,0,0.0,1,0.0,11,2453.0,0,0,0,0,0,0.0,4.0,0
A-8ae3fc,2024-09-01,DevTools,CA,ads,65,2,1618,52,31,0.0,False,0,False,False,False,False,Basic,0.0,0.5,12,2,0,0.0,3,0.0,43,2406.0,0,0,0,0,0,0.0,4.0,0
A-8b0451,2024-09-01,FinTech,UK,event,0,0,0,0,0,0.0,0,0,0,0,0,0,0,0.0,0.0,12,3,3,1.0,3,1.0,38,2594.0,1,0,0,0,0,0.0,3.0,0
A-8b25f2,2024-09-01,Cybersecurity,US,ads,197,6,3176,64,20,0.833,False,1,False,False,False,False,Basic,0.333,0.333,2,3,3,1.0,3,1.0,36,1725.333,0,0,0,0,0,0.0,3.0,0
A-8e47ca,2024-09-01,HealthTech,US,organic,199,8,23145,165,31,0.625,True,0,False,False,False,False,Enterprise,0.625,0.125,33,0,4,0.0,0,0.0,0,0.0,0,0,0,0,0,0.0,3.0,1
A-8ed5dd,2024-09-01,EdTech,UK,event,430,9,10989,111,46,0.333,True,0,False,False,False,False,Basic,0.333,0.333,2,4,4,1.0,3,1.0,46,2750.25,1,0,1,0,0,40.0,3.0,0
A-902ef7,2024-09-01,HealthTech,US,other,0,0,0,0,0,0.0,0,0,0,0,0,0,0,0.0,0.0,15,2,4,0.5,2,0.5,19,5091.5,1,0,1,0,1,37.0,4.0,1
A-9077b0,2024-09-01,HealthTech,US,ads,7,1,38,2,2,1.0,False,0,False,False,False,False,Basic,0.0,0.0,2,4,6,0.667,3,0.5,37,4262.5,1,0,0,0,0,0.0,5.0,0
A-90a8c8,2024-09-01,FinTech,AU,organic,8,1,1568,32,32,0.0,False,0,False,False,False,False,Pro,0.0,1.0,19,1,1,1.0,1,0.5,9,2916.0,0,0,0,0,0,0.0,3.0,0
A-9123ac,2024-09-01,Cybersecurity,DE,organic,439,5,9179,86,42,0.6,False,1,False,False,False,False,Basic,0.4,0.2,77,0,1,0.0,0,0.0,0,0.0,0,1,0,0,0,24.0,4.0,0
A-91e948,2024-09-01,EdTech,AU,partner,581,6,13735,246,41,0.833,False,1,False,False,False,True,Basic,0.167,0.333,10,1,1,1.0,1,1.0,4,2152.0,0,0,0,0,0,0.0,0.0,0
A-9208f0,2024-09-01,EdTech,US,organic,479,8,3511,153,49,0.5,True,3,False,False,False,False,Basic,0.25,0.25,11,2,7,0.286,2,0.286,20,3829.0,1,0,0,0,0,0.0,4.0,1
A-922109,2024-09-01,Cybersecurity,US,ads,219,7,12124,169,72,0.571,True,1,False,False,False,False,Pro,0.286,0.571,17,3,9,0.333,3,0.333,37,4907.0,1,0,0,0,0,0.0,3.0,0
A-9289f6,2024-09-01,EdTech,US,event,459,7,8192,180,81,0.429,False,1,False,False,False,False,Basic,0.286,0.286,7,4,7,0.571,4,0.571,36,3260.0,1,0,0,0,0,0.0,3.0,0
A-92a333,2024-09-01,FinTech,US,event,527,6,10659,141,67,0.5,False,0,False,False,False,False,Basic,0.333,0.167,15,1,1,1.0,1,1.0,12,1164.0,0,0,1,1,0,44.0,4.0,0
A-92a3af,2024-09-01,Cybersecurity,IN,organic,56,4,9532,118,34,0.5,True,0,False,False,False,False,Pro,0.25,0.75,16,3,6,0.5,3,0.5,38,3588.667,1,0,1,0,0,31.0,3.0,0
A-940b8b,2024-09-01,HealthTech,DE,organic,166,5,8807,158,56,0.2,True,1,False,False,False,False,Basic,0.4,0.2,9,3,2,1.5,3,1.5,31,2318.0,1,0,0,0,0,0.0,3.0,0
A-94c3cd,2024-09-01,FinTech,CA,other,347,3,1813,101,37,0.333,True,2,False,False,False,False,Enterprise,0.667,0.333,0,1,3,0.333,1,0.333,10,5860.0,0,1,0,0,0,61.0,3.0,0
A-94d3da,2024-09-01,HealthTech,US,other,487,10,13735,410,41,0.5,True,5,False,False,False,False,Pro,0.1,0.5,42,0,2,0.0,0,0.0,0,0.0,0,1,1,0,0,25.0,5.0,0
A-94f8c9,2024-09-01,HealthTech,US,other,156,9,12391,195,74,0.444,True,3,False,False,False,True,Enterprise,0.667,0.111,15,1,5,0.2,1,0.2,8,1736.0,0,1,0,0,1,51.0,5.0,0
A-95b24a,2024-09-01,FinTech,US,event,453,9,24312,356,47,0.444,True,1,False,False,True,True,Basic,0.333,0.333,15,2,3,0.667,2,0.667,16,526.0,0,0,0,0,0,0.0,5.0,0
A-96215d,2024-09-01,FinTech,US,event,24,1,1990,10,10,1.0,False,0,False,False,False,False,Enterprise,1.0,0.0,3,2,1,2.0,2,2.0,17,2842.5,1,0,0,0,0,0.0,3.0,0
A-96bbc6,2024-09-01,Cybersecurity,US,organic,117,4,13494,156,39,0.5,False,0,False,False,False,False,Pro,0.25,0.75,24,1,2,0.5,1,0.5,10,4320.0,1,0,0,0,0,0.0,3.0,0
A-96e141,2024-09-01,DevTools,UK,partner,386,7,15468,172,40,0.714,False,1,False,False,False,False,Enterprise,0.571,0.286,38,0,6,0.0,0,0.0,0,0.0,0,0,0,0,0,0.0,5.0,1
A-970c97,2024-09-01,HealthTech,DE,other,184,4,11830,70,28,0.75,True,0,False,False,False,False,Enterprise,0.75,0.25,27,1,2,0.5,1,0.5,12,5244.0,1,0,0,0,0,0.0,5.0,0
A-9779ad,2024-09-01,Cybersecurity,AU,event,156,6,33800,240,40,0.5,True,1,False,False,False,False,Enterprise,0.667,0.333,2,1,2,0.5,1,0.333,9,3042.0,0,0,0,0,0,0.0,4.0,0
A-977ca0,2024-09-01,HealthTech,IN,partner,559,15,29369,383,92,0.733,True,4,False,False,False,True,Pro,0.2,0.467,4,5,4,1.25,5,1.25,73,2117.333,1,0,0,0,0,0.0,4.0,0
A-98a59a,2024-09-01,FinTech,UK,partner,394,8,22568,540,148,0.625,True,1,False,False,True,False,Pro,0.125,0.5,22,1,8,0.125,1,0.125,6,792.0,0,0,0,0,0,0.0,4.0,1
A-993085,2024-09-01,HealthTech,US,ads,458,11,35443,368,49,0.455,True,1,False,False,False,True,Enterprise,0.455,0.182,14,5,4,1.25,6,1.5,55,1572.833,1,0,1,0,0,31.0,4.0,0
A-9a532a,2024-09-01,HealthTech,US,partner,57,1,6567,33,33,1.0,False,0,False,False,False,False,Enterprise,1.0,0.0,10,3,3,1.0,3,1.0,27,3711.0,1,0,0,0,0,0.0,4.0,0
A-9affe6,2024-09-01,Cybersecurity,US,other,529,9,9167,173,56,0.556,True,0,False,False,False,True,Basic,0.333,0.333,32,0,4,0.0,0,0.0,0,0.0,0,1,0,0,0,64.0,3.0,0
A-9b9fe9,2024-09-01,EdTech,AU,other,339,8,3935,81,24,0.625,True,2,False,False,False,False,Pro,0.125,0.75,13,2,7,0.286,2,0.286,16,2138.0,0,0,1,0,1,33.0,3.0,1
A-9badbd,2024-09-01,Cybersecurity,DE,ads,74,4,8782,178,103,0.5,True,0,False,False,False,False,Basic,0.25,0.0,8,2,9,0.222,2,0.222,15,2355.0,0,0,0,0,0,0.0,5.0,0
A-9bfc9f,2024-09-01,DevTools,CA,ads,353,9,15342,484,60,0.556,True,2,False,False,True,True,Pro,0.0,0.778,9,2,2,1.0,2,1.0,17,1447.5,1,0,0,0,0,0.0,3.0,0
A-9c18c4,2024-09-01,HealthTech,US,ads,402,8,13445,106,19,0.5,True,1,False,False,False,False,Enterprise,0.625,0.25,6,3,5,0.6,3,0.5,24,4295.0,0,0,0,0,0,0.0,5.0,0
A-9ee962,2024-09-01,HealthTech,US,ads,551,9,9420,138,30,0.444,True,2,False,False,False,False,Basic,0.111,0.333,45,0,5,0.0,0,0.0,0,0.0,0,0,0,0,0,0.0,4.0,0
A-9f0b68,2024-09-01,EdTech,US,ads,126,5,13042,118,36,0.4,True,0,False,False,False,False,Enterprise,0.6,0.0,9,4,9,0.444,4,0.444,34,1058.5,1,0,0,0,0,0.0,3.0,0
A-9f9299,2024-09-01,FinTech,US,organic,365,10,32396,284,32,0.5,True,0,False,False,False,False,Enterprise,0.5,0.2,4,7,9,0.778,7,0.778,67,2184.286,1,0,0,0,0,0.0,4.0,0
A-a09355,2024-09-01,FinTech,US,organic,22,1,266,14,14,0.0,False,0,False,False,False,False,Basic,0.0,0.0,2,1,7,0.143,1,0.143,8,3232.0,0,0,1,0,1,18.0,3.0,1
A-a0ca4e,2024-09-01,Cybersecurity,US,ads,177,5,8519,71,26,0.2,True,0,False,False,False,False,Basic,0.4,0.2,19,2,4,0.5,2,0.5,14,1708.0,0,0,0,0,0,0.0,5.0,0
A-a1b80b,2024-09-01,HealthTech,US,organic,279,12,25037,285,52,0.333,True,1,False,False,False,True,Enterprise,0.417,0.25,0,3,3,1.0,3,1.0,35,3703.667,0,0,1,0,0,36.0,5.0,0
A-a1bbb6,2024-09-01,DevTools,CA,organic,515,7,14402,98,28,0.714,True,0,False,False,False,False,Enterprise,0.571,0.429,38,0,4,0.0,0,0.0,0,0.0,0,0,0,0,0,0.0,4.0,0
A-a2485e,2024-09-01,FinTech,US,event,28,3,4370,80,68,0.333,True,0,True,False,False,False,Pro,0.333,0.667,39,0,3,0.0,0,0.0,0,0.0,0,0,0,0,0,0.0,0.0,0
A-a33200,2024-09-01,HealthTech,US,partner,0,0,0,0,0,0.0,0,0,0,0,0,0,0,0.0,0.0,10,2,3,0.667,2,0.667,16,1998.0,0,0,0,0,0,0.0,5.0,0
A-a45270,2024-09-01,HealthTech,US,ads,69,5,16050,150,79,0.4,True,0,False,False,False,False,Enterprise,0.6,0.4,6,1,7,0.143,1,0.143,11,3014.0,0,0,0,0,0,0.0,4.0,0
A-a6d261,2024-09-01,FinTech,CA,other,277,11,31297,262,103,0.727,True,1,False,False,False,False,Enterprise,0.455,0.182,2,3,5,0.6,3,0.6,29,3024.0,1,0,0,0,0,0.0,5.0,0
A-a7bd4b,2024-09-01,Cybersecurity,US,ads,564,9,5755,165,51,0.333,True,2,False,False,False,False,Pro,0.222,0.556,1,5,3,1.667,5,1.667,49,3527.8,1,0,1,0,0,42.0,3.0,0
A-a865bd,2024-09-01,Cybersecurity,US,organic,348,4,18278,182,68,0.5,True,0,False,False,False,False,Enterprise,0.5,0.25,19,1,0,0.0,1,0.0,12,4884.0,1,0,1,0,1,21.0,4.0,0
A-a8b49c,2024-09-01,Cybersecurity,UK,partner,331,9,4458,137,30,0.556,True,2,False,False,False,False,Basic,0.111,0.444,11,2,4,0.5,2,0.4,22,4053.5,0,0,0,0,0,0.0,4.0,0
A-a8d89d,2024-09-01,EdTech,US,ads,268,6,20344,166,78,0.667,True,0,False,False,False,False,Basic,0.333,0.333,4,4,5,0.8,4,0.667,30,1538.25,1,0,0,0,0,0.0,5.0,0
A-aa9511,2024-09-01,DevTools,US,other,327,11,43817,345,97,0.545,True,2,False,False,False,False,Enterprise,0.545,0.364,18,2,5,0.4,2,0.333,20,4645.0,0,0,0,0,0,0.0,4.0,0
A-ab438f,2024-09-01,Cybersecurity,US,ads,0,0,0,0,0,0.0,0,0,0,0,0,0,0,0.0,0.0,1,4,1,4.0,4,4.0,36,3894.25,0,0,1,0,1,63.0,4.0,0
A-ac14bb,2024-09-01,FinTech,US,partner,359,8,27746,250,71,0.5,True,1,False,False,False,True,Basic,0.375,0.25,8,2,3,0.667,2,0.5,15,2047.5,1,0,1,0,0,28.0,4.0,1
A-ac85cd,2024-09-01,EdTech,US,partner,32,2,3604,106,53,1.0,True,0,False,False,False,False,Basic,0.0,0.5,16,2,3,0.667,2,0.667,20,5145.0,1,0,1,0,0,23.0,3.0,0
A-ac9111,2024-09-01,HealthTech,US,event,386,10,14749,267,56,0.5,True,1,False,False,False,False,Pro,0.3,0.4,42,0,6,0.0,0,0.0,0,0.0,0,0,0,0,0,0.0,5.0,0
A-acb7f7,2024-09-01,EdTech,US,ads,239,9,31358,304,41,0.667,True,1,False,False,False,False,Enterprise,0.444,0.444,24,1,4,0.25,1,0.25,12,1164.0,1,0,0,0,0,0.0,3.0,0
A-ad296b,2024-09-01,DevTools,AU,event,48,3,8284,114,38,0.333,False,1,False,False,False,False,Basic,0.333,0.333,1,2,0,0.0,2,0.0,18,2253.5,1,0,0,0,0,0.0,3.0,0
A-ad3abd,2024-09-01,FinTech,US,event,548,6,14740,264,44,0.5,True,1,False,False,False,False,Basic,0.167,0.333,22,2,2,1.0,1,0.5,17,2187.0,0,0,0,0,0,0.0,3.0,0
A-ad64c6,2024-09-01,DevTools,UK,event,191,4,8548,106,54,0.5,True,1,False,False,False,False,Enterprise,0.5,0.25,18,1,2,0.5,1,0.5,9,2709.0,0,0,1,0,0,68.0,5.0,0
A-adc1f3,2024-09-01,Cybersecurity,US,organic,27,2,2786,14,8,0.0,True,0,False,False,False,False,Enterprise,1.0,0.0,38,0,4,0.0,0,0.0,0,0.0,0,0,0,0,0,0.0,4.0,0
A-ae052e,2024-09-01,FinTech,CA,other,356,2,1911,78,39,1.0,False,1,False,False,False,False,Pro,0.0,1.0,97,0,0,0.0,0,0.0,0,0.0,0,0,0,0,0,0.0,3.0,0
A-af0cd2,2024-09-01,Cybersecurity,IN,other,607,8,5016,163,30,0.5,True,1,False,False,False,False,Basic,0.0,0.5,10,2,7,0.286,2,0.286,18,5020.5,0,0,1,0,0,36.0,4.0,0
A-afa505,2024-09-01,DevTools,US,partner,249,8,52080,560,70,0.75,True,2,True,True,False,False,Pro,0.375,0.625,7,2,5,0.4,2,0.4,22,4125.0,0,0,1,1,1,57.0,3.0,0
A-b11cd0,2024-09-01,DevTools,US,ads,590,6,4806,166,36,0.667,False,2,False,False,False,False,Basic,0.0,0.5,59,0,1,0.0,0,0.0,0,0.0,0,0,0,0,0,0.0,5.0,0
A-b20d99,2024-09-01,HealthTech,IN,other,340,5,5766,114,34,0.4,True,0,False,False,False,False,Basic,0.2,0.0,5,2,2,1.0,2,1.0,19,3869.5,0,0,0,0,0,0.0,4.0,0
A-b2225d,2024-09-01,FinTech,US,ads,177,7,15745,329,47,0.286,True,2,False,True,False,False,Enterprise,0.429,0.286,3,3,6,0.5,4,0.667,42,3390.5,1,0,1,0,0,60.0,3.0,0
A-b2af2e,2024-09-01,Cybersecurity,UK,event,8,2,1091,29,18,1.0,True,0,False,False,False,False,Basic,0.0,0.5,32,0,1,0.0,0,0.0,0,0.0,0,0,0,0,0,0.0,4.0,0
A-b30291,2024-09-01,HealthTech,US,event,149,5,4351,49,18,0.8,False,0,False,False,False,False,Basic,0.2,0.2,1,1,5,0.2,1,0.2,4,2056.0,1,0,0,0,0,0.0,4.0,1
A-b3fe05,2024-09-01,Cybersecurity,CA,partner,96,2,9950,61,50,0.5,False,1,False,False,False,False,Enterprise,0.5,0.5,11,2,4,0.5,2,0.4,15,2600.0,1,0,0,0,0,0.0,3.0,0
A-b44e3e,2024-09-01,Cybersecurity,UK,ads,202,6,35561,279,79,0.333,True,1,False,False,False,False,Enterprise,0.5,0.5,49,0,5,0.0,0,0.0,0,0.0,0,0,1,0,0,71.0,4.0,0
A-b54c01,2024-09-01,DevTools,US,event,0,0,0,0,0,0.0,0,0,0,0,0,0,0,0.0,0.0,2,1,1,1.0,1,1.0,6,528.0,1,0,0,0,0,0.0,3.0,0
A-b7724f,2024-09-01,HealthTech,UK,organic,523,3,1064,56,33,0.667,False,0,False,False,False,False,Basic,0.0,0.0,5,5,5,1.0,5,1.0,65,4178.0,0,0,1,0,0,43.0,3.0,1
A-b7b7b7,2024-09-01,FinTech,US,event,63,3,5635,115,67,0.0,False,0,False,False,False,False,Pro,0.0,1.0,2,3,4,0.75,3,0.75,37,5294.333,1,1,0,0,0,1.0,5.0,0
A-b7ef83,2024-09-01,Cybersecurity,UK,partner,95,6,11881,139,43,0.333,True,0,False,False,False,False,Enterprise,0.5,0.167,12,4,4,1.0,4,1.0,45,1653.0,1,0,0,0,0,0.0,4.0,0
A-b9eed8,2024-09-01,Cybersecurity,US,organic,191,7,5547,93,17,0.286,True,0,True,False,True,False,Basic,0.143,0.429,23,1,1,1.0,1,1.0,15,8730.0,0,0,0,0,0,0.0,3.0,0
A-b9f5b1,2024-09-01,Cybersecurity,US,other,586,6,4087,169,43,0.333,True,3,False,False,False,False,Enterprise,0.667,0.0,0,2,2,1.0,2,1.0,23,406.5,0,1,0,0,0,32.0,3.0,0
A-ba6516,2024-09-01,FinTech,US,ads,308,9,21170,282,55,0.556,True,2,False,False,False,False,Basic,0.333,0.222,1,4,6,0.667,3,0.429,37,2165.0,1,0,2,0,1,37.5,4.0,0
A-bad8c1,2024-09-01,FinTech,AU,organic,550,7,7797,223,60,0.857,False,2,False,False,False,False,Pro,0.286,0.429,4,2,4,0.5,2,0.5,20,4338.5,1,0,0,0,0,0.0,4.0,0
A-bb1eaa,2024-09-01,Cybersecurity,US,organic,82,3,4977,63,21,0.667,False,0,False,False,True,False,Basic,0.333,0.0,99,0,0,0.0,0,0.0,0,0.0,0,0,1,0,0,24.0,4.0,0
A-bb2f49,2024-09-01,Cybersecurity,US,other,462,7,17615,193,68,0.571,False,1,False,False,False,False,Pro,0.286,0.714,7,2,4,0.5,2,0.5,25,7035.0,0,0,0,0,0,0.0,4.0,0
A-bb3bd4,2024-09-01,HealthTech,US,ads,218,4,6578,92,23,0.25,False,0,False,False,False,False,Basic,0.25,0.25,25,1,2,0.5,1,0.5,20,2370.5,0,0,0,0,0,0.0,4.0,0
A-bbc346,2024-09-01,FinTech,US,partner,3,2,4761,39,20,0.0,True,0,False,True,False,False,Enterprise,0.5,0.5,3,3,2,1.5,3,1.0,38,4110.667,1,0,0,0,0,0.0,4.0,0
A-bbe56f,2024-09-01,HealthTech,US,ads,563,4,5607,84,21,0.25,False,1,False,False,False,False,Basic,0.25,0.25,25,1,1,1.0,1,1.0,10,1750.0,0,0,2,0,0,27.5,3.0,0
A-bc4d48,2024-09-01,EdTech,US,ads,81,5,4760,175,35,0.4,True,1,False,False,False,True,Pro,0.0,0.6,7,2,1,2.0,2,2.0,21,4447.5,0,0,0,0,0,0.0,3.0,0
A-bc87bc,2024-09-01,FinTech,US,event,46,0,0,0,0,0.0,0,0,0,0,0,0,0,0.0,0.0,7,1,0,0.0,1,0.0,13,2691.0,1,0,1,0,0,37.0,3.0,0
A-bcbe98,2024-09-01,Cybersecurity,US,other,34,3,4002,138,46,0.667,False,0,False,False,True,True,Basic,0.0,0.333,5,3,7,0.429,3,0.429,28,3438.0,1,0,0,0,0,0.0,3.0,0
A-bcf664,2024-09-01,DevTools,US,other,471,10,9918,235,59,0.6,False,2,False,False,False,False,Basic,0.2,0.2,1,3,2,1.5,3,1.5,25,4216.667,1,0,1,0,0,72.0,3.0,0
A-bcf87c,2024-09-01,FinTech,US,event,66,4,9482,68,31,0.25,True,0,False,False,False,False,Enterprise,0.5,0.5,9,3,5,0.6,3,0.6,30,3816.667,0,0,0,0,0,0.0,3.0,0
A-bd4708,2024-09-01,FinTech,US,ads,42,3,14726,111,37,0.0,False,1,False,False,False,False,Enterprise,0.667,0.0,22,3,9,0.333,3,0.375,29,4229.0,0,0,0,0,0,0.0,4.0,0
A-bece89,2024-09-01,Cybersecurity,IN,event,275,5,17388,132,28,0.4,True,0,False,False,False,False,Enterprise,0.6,0.2,6,2,0,0.0,2,0.0,18,2362.5,0,0,0,0,0,0.0,4.0,0
A-c16101,2024-09-01,EdTech,IN,other,0,0,0,0,0,0.0,0,0,0,0,0,0,0,0.0,0.0,23,2,5,0.4,2,0.4,21,1923.0,0,1,0,0,0,17.0,5.0,0
A-c16b88,2024-09-01,HealthTech,US,event,274,5,10082,141,45,0.4,True,3,False,False,False,False,Pro,0.2,0.6,8,4,3,1.333,5,1.667,56,4027.8,1,0,0,0,0,0.0,3.0,0
A-c1dfe1,2024-09-01,DevTools,DE,ads,391,7,25296,204,41,0.714,True,0,False,False,True,False,Enterprise,0.571,0.0,6,1,1,1.0,1,1.0,6,726.0,1,0,1,0,0,65.0,4.0,0
A-c222ab,2024-09-01,Cybersecurity,US,other,114,2,3136,64,32,0.5,False,0,False,False,False,False,Pro,0.0,1.0,18,2,4,0.5,2,0.5,17,2851.5,1,0,1,0,1,37.0,4.0,0
A-c37cab,2024-09-01,Cybersecurity,UK,event,34,4,6766,67,21,0.75,False,2,False,False,False,False,Enterprise,0.75,0.25,28,1,9,0.111,1,0.111,10,4450.0,0,0,0,0,0,0.0,3.0,0
A-c42f1f,2024-09-01,HealthTech,US,other,35,1,539,11,11,0.0,False,0,False,False,False,False,Pro,0.0,1.0,11,1,1,1.0,1,1.0,4,1312.0,1,0,1,0,1,36.0,3.0,0
A-c45b23,2024-09-01,FinTech,UK,partner,268,8,2854,66,15,0.625,True,2,False,False,False,False,Basic,0.125,0.375,1,1,6,0.167,1,0.2,8,840.0,1,0,0,0,0,0.0,3.0,0
A-c4ea60,2024-09-01,FinTech,DE,other,542,5,5718,160,58,0.4,True,1,False,False,False,False,Basic,0.2,0.2,5,2,3,0.667,2,0.667,15,3337.0,0,0,0,0,0,0.0,4.0,0
A-c58f49,2024-09-01,EdTech,US,other,32,1,1330,70,70,1.0,False,0,False,False,False,False,Basic,0.0,0.0,84,0,2,0.0,0,0.0,0,0.0,0,1,0,0,0,13.0,5.0,1
A-c608c8,2024-09-01,DevTools,DE,ads,493,7,8485,115,58,0.714,True,0,False,False,False,False,Enterprise,0.429,0.429,48,0,5,0.0,0,0.0,0,0.0,0,1,0,0,0,58.0,3.0,0
A-c62e55,2024-09-01,EdTech,US,partner,571,7,9746,164,56,0.286,True,0,False,False,False,False,Pro,0.143,0.571,2,1,1,1.0,1,1.0,8,904.0,0,0,0,0,0,0.0,5.0,0
A-c7e58b,2024-09-01,HealthTech,IN,other,434,6,5384,56,16,0.5,True,0,False,False,False,False,Basic,0.5,0.0,7,3,5,0.6,3,0.75,32,5494.667,1,1,0,0,0,16.0,3.0,0
A-c7ffc2,2024-09-01,Cybersecurity,US,partner,583,9,28641,399,132,0.556,True,0,False,False,False,False,Basic,0.333,0.222,14,4,6,0.667,4,0.8,43,4584.75,0,0,0,0,0,0.0,3.0,0
A-c9bb3e,2024-09-01,EdTech,US,ads,161,6,10461,217,123,0.333,False,1,False,True,False,False,Pro,0.333,0.5,0,4,2,2.0,3,1.5,38,3719.75,0,0,0,0,0,0.0,4.0,0
A-cab532,2024-09-01,DevTools,FR,organic,517,11,14243,245,58,0.455,True,2,False,False,False,False,Pro,0.364,0.455,1,4,7,0.571,4,0.571,45,1797.25,0,0,0,0,0,0.0,4.0,0
A-cb5333,2024-09-01,DevTools,US,ads,159,10,12594,363,51,0.4,True,3,False,False,False,False,Basic,0.1,0.3,3,4,7,0.571,4,0.5,35,3298.0,1,0,0,0,0,0.0,3.0,0
A-cb6cc6,2024-09-01,DevTools,US,ads,517,5,1150,66,14,0.4,True,2,False,False,False,False,Basic,0.4,0.2,7,2,7,0.286,2,0.286,18,1755.0,1,0,1,0,0,5.0,4.0,0
A-cbbe12,2024-09-01,Cybersecurity,DE,partner,529,5,5121,209,49,0.8,True,2,False,False,False,True,Pro,0.0,0.8,55,0,5,0.0,0,0.0,0,0.0,0,1,0,0,0,26.0,3.0,0
A-cc102e,2024-09-01,HealthTech,US,partner,139,3,2552,68,42,0.333,False,0,False,False,False,False,Basic,0.0,0.333,25,1,3,0.333,1,0.333,9,1953.0,1,0,0,0,0,0.0,3.0,0
A-cc8c8f,2024-09-01,DevTools,US,ads,77,3,6009,74,28,0.333,False,1,False,False,False,True,Basic,0.333,0.0,12,2,4,0.5,2,0.5,22,3739.0,1,0,0,0,0,0.0,4.0,1
A-cc98bc,2024-09-01,DevTools,US,ads,466,9,21567,335,57,0.444,True,1,False,False,False,False,Basic,0.333,0.333,23,1,0,0.0,1,0.0,11,4796.0,1,0,0,0,0,0.0,4.0,0
A-ccabf0,2024-09-01,HealthTech,IN,organic,300,8,22180,160,59,0.375,True,0,False,False,True,False,Enterprise,0.5,0.375,11,1,6,0.167,1,0.167,15,3885.0,0,0,0,0,0,0.0,4.0,0
A-ccb686,2024-09-01,DevTools,US,other,223,9,17921,225,53,0.444,True,2,False,True,True,False,Pro,0.333,0.556,5,3,3,1.0,3,1.0,30,1254.0,0,0,0,0,0,0.0,4.0,0
A-ccc747,2024-09-01,HealthTech,FR,event,233,3,2597,69,37,0.667,True,1,False,False,False,True,Pro,0.333,0.667,4,2,2,1.0,2,1.0,25,4729.5,0,1,1,1,1,32.5,5.0,1
A-cd458b,2024-09-01,DevTools,US,other,78,6,15648,132,47,0.5,True,0,False,False,False,False,Basic,0.333,0.0,7,5,6,0.833,5,0.833,41,2168.6,0,0,1,0,1,45.0,5.0,0
A-cdf020,2024-09-01,DevTools,AU,organic,382,6,11339,184,45,0.5,True,1,False,False,False,True,Pro,0.167,0.667,10,3,2,1.5,2,1.0,27,1897.667,1,0,0,0,0,0.0,4.0,0
A-ce66f8,2024-09-01,EdTech,CA,event,375,6,11858,182,37,0.333,False,0,False,False,False,False,Basic,0.167,0.333,42,0,3,0.0,0,0.0,0,0.0,0,0,0,0,0,0.0,3.0,0
A-cea1f0,2024-09-01,FinTech,US,event,147,4,1437,71,30,0.25,True,1,False,False,False,False,Basic,0.0,0.5,0,3,5,0.6,3,0.6,30,3981.0,1,0,0,0,0,0.0,4.0,0
A-d27f50,2024-09-01,Cybersecurity,UK,ads,43,4,13923,177,45,0.5,True,0,False,False,False,False,Pro,0.25,0.5,43,0,3,0.0,0,0.0,0,0.0,0,0,0,0,0,0.0,5.0,0
A-d42431,2024-09-01,FinTech,FR,ads,84,5,11321,179,91,0.6,True,0,False,True,True,False,Basic,0.4,0.0,17,1,1,1.0,1,1.0,11,77.0,1,1,0,0,1,47.0,5.0,0
A-d49cc5,2024-09-01,Cybersecurity,FR,event,348,5,7750,250,50,0.2,True,0,False,False,False,False,Basic,0.0,0.4,27,1,1,1.0,1,1.0,11,6226.0,0,0,1,0,0,52.0,4.0,0
A-d4ac0e,2024-09-01,DevTools,UK,ads,134,9,8166,321,156,0.556,True,2,False,True,False,False,Basic,0.222,0.333,3,2,4,0.5,2,0.4,18,2443.0,0,0,1,0,0,28.0,4.0,0
A-d535f6,2024-09-01,DevTools,US,organic,0,0,0,0,0,0.0,0,0,0,0,0,0,0,0.0,0.0,1,3,3,1.0,3,0.75,35,1110.667,0,0,0,0,0,0.0,0.0,0
A-d5a319,2024-09-01,FinTech,US,other,486,9,19738,202,70,0.444,True,2,False,False,False,True,Basic,0.222,0.333,2,2,3,0.667,2,0.667,22,4151.0,1,0,0,0,0,0.0,0.0,0
A-d62e02,2024-09-01,Cybersecurity,US,partner,12,0,0,0,0,0.0,0,0,0,0,0,0,0,0.0,0.0,29,1,4,0.25,1,0.25,10,5900.0,0,0,0,0,0,0.0,4.0,0
A-d77f4c,2024-09-01,DevTools,US,partner,342,11,42607,294,94,0.636,True,1,False,True,False,False,Enterprise,0.545,0.273,5,3,2,1.5,3,1.5,34,2121.333,1,0,1,0,0,54.0,3.0,0
A-d792a6,2024-09-01,DevTools,US,organic,587,13,10114,158,37,0.462,True,3,False,False,False,False,Enterprise,0.385,0.308,1,3,8,0.375,3,0.429,29,3345.333,1,0,0,0,0,0.0,4.0,0
A-d82ef9,2024-09-01,EdTech,UK,other,61,6,9023,215,58,0.333,True,3,True,False,False,True,Pro,0.333,0.5,2,3,12,0.25,4,0.4,42,2017.5,1,0,0,0,0,0.0,4.0,0
A-d922bf,2024-09-01,HealthTech,US,ads,359,6,15323,123,32,0.333,False,3,False,False,False,False,Enterprise,0.833,0.0,38,0,2,0.0,0,0.0,0,0.0,0,0,1,0,0,23.0,3.0,0
A-dbc825,2024-09-01,EdTech,FR,partner,238,13,30737,342,85,0.308,True,1,False,False,False,True,Enterprise,0.385,0.308,5,5,5,1.0,5,1.0,67,5453.0,1,0,0,0,0,0.0,3.0,0
A-dcc2f0,2024-09-01,FinTech,UK,organic,407,8,11727,142,25,0.625,False,1,False,False,False,False,Enterprise,0.5,0.25,18,3,6,0.5,3,0.5,38,3266.667,0,0,0,0,0,0.0,4.0,0
A-dcc3f1,2024-09-01,HealthTech,US,event,249,5,7770,141,51,0.6,False,1,False,False,False,False,Basic,0.4,0.2,11,2,5,0.4,2,0.4,18,2738.0,0,4,0,0,1,31.25,3.0,0
A-de58ca,2024-09-01,HealthTech,DE,organic,507,11,23905,420,105,0.273,True,2,False,False,False,False,Pro,0.273,0.455,4,2,3,0.667,2,0.667,15,2068.5,0,0,0,0,0,0.0,3.0,0
A-dec005,2024-09-01,HealthTech,US,partner,324,6,15021,141,31,0.667,True,2,False,False,False,False,Enterprise,0.5,0.167,0,4,4,1.0,4,1.0,44,2725.5,1,0,0,0,0,0.0,3.0,0
A-df10db,2024-09-01,DevTools,US,other,453,9,9076,162,68,0.556,True,1,False,False,False,True,Basic,0.222,0.222,1,2,8,0.25,2,0.286,24,6048.0,0,0,0,0,0,0.0,3.0,0
A-df1e44,2024-09-01,Cybersecurity,UK,organic,191,7,6879,185,63,0.429,True,2,False,False,False,False,Pro,0.286,0.429,6,2,3,0.667,2,0.5,22,2887.5,0,0,0,0,0,0.0,5.0,0
A-dfbd31,2024-09-01,DevTools,UK,partner,272,8,5027,135,24,0.5,True,3,False,False,False,False,Basic,0.25,0.375,10,2,1,2.0,3,1.5,34,1786.0,0,0,0,0,0,0.0,4.0,0
A-e1462e,2024-09-01,FinTech,UK,partner,539,5,11745,133,46,0.4,True,1,False,False,False,False,Enterprise,0.4,0.4,12,2,2,1.0,2,0.667,19,1690.5,1,1,0,0,1,12.0,3.0,0
A-e19ff6,2024-09-01,Cybersecurity,UK,partner,401,9,1676,93,38,0.333,True,3,False,False,False,False,Basic,0.333,0.222,3,5,3,1.667,5,1.667,48,3192.4,1,0,0,0,0,0.0,5.0,0
A-e1b9cd,2024-09-01,DevTools,US,event,553,11,32362,538,100,0.455,True,0,False,False,False,False,Basic,0.182,0.364,5,4,8,0.5,4,0.5,33,2458.0,1,0,0,0,0,0.0,3.0,1
A-e2cd1b,2024-09-01,DevTools,US,other,210,5,6761,134,45,0.4,False,1,False,False,False,False,Basic,0.2,0.4,11,3,4,0.75,3,0.75,26,1644.333,0,0,1,0,1,27.0,5.0,0
A-e351e1,2024-09-01,EdTech,US,other,0,0,0,0,0,0.0,0,0,0,0,0,0,0,0.0,0.0,7,3,1,3.0,2,2.0,29,3821.667,0,1,0,0,1,41.0,3.0,0
A-e36807,2024-09-01,EdTech,AU,other,107,4,6187,158,81,0.25,True,1,False,False,False,False,Basic,0.25,0.25,9,1,2,0.5,1,0.5,8,1920.0,1,0,0,0,0,0.0,4.0,0
A-e3bd71,2024-09-01,Cybersecurity,US,partner,526,9,33942,387,91,0.667,True,1,False,False,False,False,Enterprise,0.556,0.111,21,2,4,0.5,2,0.5,22,5375.0,1,0,0,0,0,0.0,3.0,0
A-e40f45,2024-09-01,HealthTech,US,organic,136,6,11426,155,44,0.667,False,1,False,True,False,False,Basic,0.333,0.333,28,1,3,0.333,1,0.333,11,1430.0,1,0,1,0,0,49.0,5.0,0
A-e43bf7,2024-09-01,Cybersecurity,AU,other,527,6,37910,290,70,0.333,True,0,False,False,False,False,Enterprise,0.5,0.5,42,0,2,0.0,0,0.0,0,0.0,0,0,2,0,1,32.5,5.0,0
A-e51ec7,2024-09-01,FinTech,CA,partner,344,4,5569,36,25,0.25,True,1,False,False,False,False,Enterprise,0.5,0.25,21,1,0,0.0,1,0.0,10,5540.0,0,0,0,0,0,0.0,4.0,0
A-e5d6ab,2024-09-01,EdTech,US,partner,505,9,11480,157,39,0.556,True,1,False,False,False,False,Basic,0.333,0.111,1,1,2,0.5,1,0.5,14,3346.0,1,0,1,0,0,24.0,4.0,0
A-e60f9d,2024-09-01,FinTech,US,other,6,0,0,0,0,0.0,0,0,0,0,0,0,0,0.0,0.0,26,1,7,0.143,1,0.143,7,3661.0,0,0,0,0,0,0.0,4.0,0
A-e61e98,2024-09-01,FinTech,US,partner,317,9,13484,238,40,0.556,True,1,False,False,False,False,Pro,0.111,0.556,20,4,8,0.5,4,0.571,43,2109.5,1,0,0,0,0,0.0,5.0,0
A-e693b6,2024-09-01,FinTech,AU,event,465,10,22165,550,55,0.4,True,3,False,False,False,False,Enterprise,0.4,0.3,12,2,4,0.5,2,0.5,16,2416.0,1,0,0,0,0,0.0,3.0,0
A-e6afc1,2024-09-01,DevTools,US,ads,555,10,22582,326,85,0.6,True,1,False,False,False,False,Pro,0.2,0.6,6,4,2,2.0,3,1.5,37,3218.25,1,0,0,0,0,0.0,0.0,0
A-e7a1e2,2024-09-01,Cybersecurity,US,event,70,2,5174,26,14,1.0,True,0,False,False,False,False,Enterprise,1.0,0.0,9,5,2,2.5,6,3.0,61,3979.667,1,0,0,0,0,0.0,4.0,1
A-e7beab,2024-09-01,EdTech,DE,organic,317,5,10156,152,58,0.4,False,1,False,False,False,False,Enterprise,0.8,0.2,34,0,3,0.0,0,0.0,0,0.0,0,0,0,0,0,0.0,3.0,0
A-e83938,2024-09-01,DevTools,UK,other,285,6,5084,69,31,0.5,True,1,False,False,False,True,Pro,0.333,0.5,26,1,3,0.333,1,0.333,5,2835.0,0,0,0,0,0,0.0,4.0,0
A-e888d1,2024-09-01,Cybersecurity,US,other,523,7,8080,186,54,0.571,True,3,False,False,False,False,Basic,0.286,0.286,0,4,3,1.333,4,1.333,34,2649.75,1,0,0,0,0,0.0,3.0,0
A-e89151,2024-09-01,FinTech,UK,organic,353,7,11459,101,24,0.714,True,0,False,False,False,False,Enterprise,0.571,0.143,12,1,1,1.0,1,1.0,8,4504.0,0,0,0,0,0,0.0,5.0,0
A-e98302,2024-09-01,EdTech,US,ads,250,3,8775,75,34,0.0,False,0,False,False,False,False,Pro,0.333,0.667,2,2,5,0.4,2,0.5,20,2965.0,1,1,0,0,0,64.0,4.0,0
A-eafc6e,2024-09-01,DevTools,US,partner,423,5,16229,191,76,0.8,True,0,False,False,False,False,Enterprise,0.4,0.4,51,0,2,0.0,0,0.0,0,0.0,0,0,0,0,0,0.0,4.0,0
A-eb1312,2024-09-01,FinTech,US,partner,0,0,0,0,0,0.0,0,0,0,0,0,0,0,0.0,0.0,10,4,5,0.8,4,0.8,41,3702.75,0,0,0,0,0,0.0,5.0,1
A-eb2fdc,2024-09-01,DevTools,AU,organic,285,8,22172,278,47,0.5,True,0,False,False,False,False,Basic,0.25,0.375,13,1,4,0.25,1,0.25,12,6408.0,0,0,0,0,0,0.0,4.0,0
A-eb7c38,2024-09-01,DevTools,AU,organic,189,8,26852,268,102,0.375,True,2,False,False,True,True,Basic,0.375,0.125,16,4,8,0.5,3,0.333,45,3226.25,0,0,1,0,0,5.0,4.0,0
A-eb7fac,2024-09-01,DevTools,US,organic,309,6,36682,268,136,0.667,True,0,False,False,False,False,Enterprise,0.5,0.5,4,3,7,0.429,4,0.667,44,2113.5,1,0,0,0,0,0.0,4.0,0
A-ed510f,2024-09-01,Cybersecurity,IN,partner,593,8,32046,336,42,0.125,True,1,False,False,False,False,Enterprise,0.5,0.375,19,2,4,0.5,2,0.5,15,1283.0,0,0,1,0,0,57.0,3.0,0
A-ee42db,2024-09-01,EdTech,DE,ads,495,10,10997,272,115,0.4,True,3,False,False,False,True,Pro,0.1,0.5,9,2,3,0.667,2,0.667,15,1331.0,1,0,0,0,0,0.0,3.0,0
A-ef84cf,2024-09-01,EdTech,US,partner,184,5,7507,81,34,0.4,True,1,False,False,True,False,Basic,0.4,0.0,21,2,2,1.0,2,1.0,22,2916.0,1,0,0,0,0,0.0,4.0,1
A-f03140,2024-09-01,DevTools,IN,event,284,8,15702,228,38,0.5,True,0,False,False,True,False,Basic,0.25,0.25,36,0,4,0.0,0,0.0,0,0.0,0,0,0,0,0,0.0,5.0,0
A-f17767,2024-09-01,DevTools,US,event,580,13,15404,176,39,0.692,True,0,False,False,False,False,Pro,0.231,0.615,24,3,4,0.75,2,0.4,36,2573.333,1,0,0,0,0,0.0,5.0,0
A-f19409,2024-09-01,DevTools,US,other,535,7,22063,215,44,0.429,True,1,False,False,False,True,Enterprise,0.429,0.429,6,3,8,0.375,3,0.375,29,4417.333,1,0,0,0,0,0.0,4.0,0
A-f19b24,2024-09-01,Cybersecurity,US,organic,600,2,1972,58,29,0.5,False,0,False,False,False,False,Basic,0.0,0.5,104,0,0,0.0,0,0.0,0,0.0,0,0,0,0,0,0.0,4.0,0
A-f1f639,2024-09-01,EdTech,US,ads,553,3,1128,12,5,1.0,False,0,False,False,False,False,Basic,0.333,0.0,92,0,0,0.0,0,0.0,0,0.0,0,0,0,0,0,0.0,5.0,0
A-f25509,2024-09-01,EdTech,US,other,163,3,12736,96,32,0.333,True,1,False,False,False,False,Enterprise,1.0,0.0,21,1,2,0.5,1,0.5,10,2160.0,0,0,0,0,0,0.0,5.0,0
A-f3ff05,2024-09-01,FinTech,IN,other,57,4,1127,53,28,0.5,False,0,False,True,False,False,Basic,0.0,0.25,42,0,4,0.0,0,0.0,0,0.0,0,0,0,0,0,0.0,4.0,0
A-f44180,2024-09-01,Cybersecurity,UK,event,566,9,28788,197,89,0.444,True,1,False,False,False,False,Enterprise,0.778,0.222,8,3,3,1.0,3,1.0,26,1758.667,1,0,0,0,0,0.0,5.0,0
A-f446b6,2024-09-01,DevTools,DE,ads,478,8,11297,143,53,0.625,True,0,False,False,False,False,Basic,0.375,0.25,35,0,7,0.0,0,0.0,0,0.0,0,0,0,0,0,0.0,5.0,0
A-f45426,2024-09-01,HealthTech,US,organic,27,2,380,77,57,0.0,False,1,True,False,False,False,Basic,0.0,0.0,38,0,6,0.0,0,0.0,0,0.0,0,1,0,0,1,38.0,4.0,0
A-f51f16,2024-09-01,HealthTech,US,partner,251,8,13310,142,60,0.375,True,1,False,False,False,False,Basic,0.375,0.25,15,1,3,0.333,1,0.333,9,3780.0,1,0,1,0,1,58.0,3.0,0
A-f5641b,2024-09-01,EdTech,US,other,155,5,20026,155,31,0.8,True,1,False,False,False,False,Enterprise,0.6,0.2,14,1,3,0.333,1,0.333,8,3352.0,1,1,0,0,0,62.0,3.0,0
A-f6b2fb,2024-09-01,DevTools,AU,event,131,7,21795,188,49,0.571,True,1,False,True,False,False,Enterprise,0.571,0.286,13,2,3,0.667,2,0.667,25,3072.0,1,0,0,0,0,0.0,5.0,0
A-f92792,2024-09-01,FinTech,US,ads,59,3,8524,76,35,0.667,True,0,False,False,False,False,Basic,0.333,0.333,23,2,5,0.4,2,0.5,32,2038.0,1,0,1,0,0,70.0,4.0,0
A-f97b9a,2024-09-01,FinTech,US,event,420,8,20403,214,65,0.5,True,3,False,False,False,False,Enterprise,0.75,0.0,22,2,2,1.0,2,1.0,20,3215.0,0,0,1,0,0,27.0,4.0,0
A-fa2041,2024-09-01,HealthTech,US,organic,95,8,10766,172,52,0.75,True,2,False,False,False,False,Basic,0.25,0.375,35,0,8,0.0,0,0.0,0,0.0,0,0,0,0,0,0.0,3.0,0
A-fa3095,2024-09-01,FinTech,US,ads,364,8,61810,560,70,0.375,False,1,False,False,False,False,Enterprise,0.625,0.125,1,3,1,3.0,3,3.0,31,2835.0,0,0,1,0,0,26.0,5.0,0
A-faa28c,2024-09-01,HealthTech,US,organic,215,10,36017,497,65,0.5,True,3,False,False,False,False,Enterprise,0.5,0.2,6,2,4,0.5,2,0.4,21,3653.0,0,0,0,0,0,0.0,5.0,0
A-fd9422,2024-09-01,Cybersecurity,US,organic,150,4,12644,232,58,0.5,True,2,False,False,False,False,Enterprise,0.5,0.25,7,3,5,0.6,3,0.6,37,3361.667,0,0,0,0,0,0.0,3.0,0
A-fda07f,2024-09-01,Cybersecurity,FR,partner,21,1,2786,14,14,0.0,False,0,False,True,False,False,Enterprise,1.0,0.0,6,1,6,0.167,1,0.143,16,4608.0,0,2,0,0,1,8.0,4.0,1
A-fdfc91,2024-09-01,Cybersecurity,US,ads,484,9,18503,316,66,0.444,True,1,False,False,False,False,Pro,0.111,0.556,3,1,4,0.25,1,0.25,18,1854.0,0,0,0,0,0,0.0,4.0,0
A-fe79a5,2024-09-01,HealthTech,IN,ads,193,5,3582,55,19,0.6,False,3,False,False,False,False,Enterprise,0.6,0.0,20,2,1,2.0,2,2.0,21,2688.0,0,0,0,0,0,0.0,5.0,0
A-ff3c73,2024-09-01,HealthTech,AU,other,584,6,2682,175,66,0.333,True,3,False,False,False,False,Basic,0.333,0.167,1,2,5,0.4,2,0.333,16,1695.0,1,0,0,0,0,0.0,3.0,0
A-ff79f2,2024-09-01,DevTools,US,ads,129,2,718,22,12,0.5,True,0,False,False,False,False,Basic,0.0,0.5,49,0,4,0.0,0,0.0,0,0.0,0,0,0,0,0,0.0,4.0,0
A-ffc04f,2024-09-01,EdTech,US,ads,87,3,5282,81,55,0.667,True,1,False,False,False,False,Pro,0.333,0.667,8,6,6,1.0,6,1.0,55,2418.5,1,0,0,0,0,0.0,4.0,0
A-ffdfd5,2024-09-01,EdTech,US,organic,141,3,1508,62,30,0.333,False,0,False,False,False,False,Basic,0.0,0.333,3,3,5,0.6,3,0.6,30,2569.0,1,0,0,0,0,0.0,0.0,0
